District ID,Time slot,Prediction value
1,2016-01-22-46,13.72
2,2016-01-22-46,-32.16
3,2016-01-22-46,-62.01
4,2016-01-22-46,-52.19
5,2016-01-22-46,-90.02
6,2016-01-22-46,-9.19
7,2016-01-22-46,-59.17
8,2016-01-22-46,39.93
9,2016-01-22-46,11.47
10,2016-01-22-46,-124.83
11,2016-01-22-46,-30.68
12,2016-01-22-46,23.67
13,2016-01-22-46,-33.56
14,2016-01-22-46,8.46
15,2016-01-22-46,7.65
16,2016-01-22-46,-86.74
17,2016-01-22-46,-75.86
18,2016-01-22-46,-63.93
19,2016-01-22-46,-100.85
20,2016-01-22-46,-42.62
21,2016-01-22-46,34.96
22,2016-01-22-46,-3.79
23,2016-01-22-46,49.79
24,2016-01-22-46,14.28
25,2016-01-22-46,-37.14
26,2016-01-22-46,-40.25
27,2016-01-22-46,38.04
28,2016-01-22-46,5.02
29,2016-01-22-46,2.28
30,2016-01-22-46,-25.1
31,2016-01-22-46,-61.6
32,2016-01-22-46,-12.55
33,2016-01-22-46,-23.27
34,2016-01-22-46,-42.55
35,2016-01-22-46,-50.45
36,2016-01-22-46,36.04
37,2016-01-22-46,6.76
38,2016-01-22-46,7.56
39,2016-01-22-46,61.75
40,2016-01-22-46,-53.8
41,2016-01-22-46,-57.2
42,2016-01-22-46,-63.39
43,2016-01-22-46,46.0
44,2016-01-22-46,-62.26
45,2016-01-22-46,-32.3
46,2016-01-22-46,3.17
47,2016-01-22-46,-129.13
48,2016-01-22-46,-38.13
49,2016-01-22-46,-80.87
50,2016-01-22-46,-52.54
51,2016-01-22-46,-1.34
52,2016-01-22-46,-54.94
53,2016-01-22-46,-10.41
54,2016-01-22-46,-13.26
55,2016-01-22-46,-92.2
56,2016-01-22-46,-51.93
57,2016-01-22-46,-27.06
58,2016-01-22-46,-76.2
59,2016-01-22-46,-12.78
60,2016-01-22-46,-26.2
61,2016-01-22-46,4.56
62,2016-01-22-46,-31.8
63,2016-01-22-46,6.09
64,2016-01-22-46,36.33
65,2016-01-22-46,-17.45
66,2016-01-22-46,17.13
1,2016-01-22-58,13.67
2,2016-01-22-58,-32.16
3,2016-01-22-58,-62.01
4,2016-01-22-58,-52.19
5,2016-01-22-58,-90.02
6,2016-01-22-58,-9.19
7,2016-01-22-58,-59.17
8,2016-01-22-58,39.93
9,2016-01-22-58,11.47
10,2016-01-22-58,-111.28
11,2016-01-22-58,-30.68
12,2016-01-22-58,23.67
13,2016-01-22-58,-33.56
14,2016-01-22-58,6.69
15,2016-01-22-58,6.42
16,2016-01-22-58,-86.74
17,2016-01-22-58,-75.86
18,2016-01-22-58,-63.93
19,2016-01-22-58,-100.85
20,2016-01-22-58,-42.62
21,2016-01-22-58,39.77
22,2016-01-22-58,-3.79
23,2016-01-22-58,49.79
24,2016-01-22-58,14.28
25,2016-01-22-58,-37.14
26,2016-01-22-58,-40.25
27,2016-01-22-58,38.04
28,2016-01-22-58,5.02
29,2016-01-22-58,2.18
30,2016-01-22-58,-25.1
31,2016-01-22-58,-61.6
32,2016-01-22-58,-12.55
33,2016-01-22-58,-16.93
34,2016-01-22-58,-42.55
35,2016-01-22-58,-50.45
36,2016-01-22-58,36.04
37,2016-01-22-58,6.76
38,2016-01-22-58,7.44
39,2016-01-22-58,61.75
40,2016-01-22-58,-53.8
41,2016-01-22-58,-57.2
42,2016-01-22-58,-63.39
43,2016-01-22-58,46.0
44,2016-01-22-58,-62.26
45,2016-01-22-58,-32.3
46,2016-01-22-58,3.17
47,2016-01-22-58,-129.13
48,2016-01-22-58,-38.13
49,2016-01-22-58,-52.59
50,2016-01-22-58,-52.54
51,2016-01-22-58,-1.34
52,2016-01-22-58,-54.94
53,2016-01-22-58,-10.41
54,2016-01-22-58,-13.26
55,2016-01-22-58,-93.26
56,2016-01-22-58,-51.93
57,2016-01-22-58,-27.06
58,2016-01-22-58,-76.2
59,2016-01-22-58,-12.78
60,2016-01-22-58,-23.62
61,2016-01-22-58,4.56
62,2016-01-22-58,-28.95
63,2016-01-22-58,6.09
64,2016-01-22-58,36.33
65,2016-01-22-58,-17.45
66,2016-01-22-58,17.13
1,2016-01-22-70,13.67
2,2016-01-22-70,-32.16
3,2016-01-22-70,-74.56
4,2016-01-22-70,-60.35
5,2016-01-22-70,-103.87
6,2016-01-22-70,-9.19
7,2016-01-22-70,-59.17
8,2016-01-22-70,39.93
9,2016-01-22-70,23.84
10,2016-01-22-70,-113.83
11,2016-01-22-70,-30.68
12,2016-01-22-70,23.67
13,2016-01-22-70,-33.56
14,2016-01-22-70,9.77
15,2016-01-22-70,10.06
16,2016-01-22-70,-86.74
17,2016-01-22-70,-73.17
18,2016-01-22-70,-63.93
19,2016-01-22-70,-100.85
20,2016-01-22-70,-41.52
21,2016-01-22-70,34.96
22,2016-01-22-70,-3.79
23,2016-01-22-70,49.79
24,2016-01-22-70,14.28
25,2016-01-22-70,-37.14
26,2016-01-22-70,-40.25
27,2016-01-22-70,38.04
28,2016-01-22-70,5.02
29,2016-01-22-70,-10.52
30,2016-01-22-70,-25.72
31,2016-01-22-70,-61.6
32,2016-01-22-70,-12.55
33,2016-01-22-70,-33.03
34,2016-01-22-70,-42.55
35,2016-01-22-70,-50.45
36,2016-01-22-70,37.88
37,2016-01-22-70,6.76
38,2016-01-22-70,7.44
39,2016-01-22-70,61.75
40,2016-01-22-70,-53.8
41,2016-01-22-70,-57.2
42,2016-01-22-70,-63.39
43,2016-01-22-70,46.0
44,2016-01-22-70,-62.26
45,2016-01-22-70,-52.77
46,2016-01-22-70,3.17
47,2016-01-22-70,-129.13
48,2016-01-22-70,-38.13
49,2016-01-22-70,-81.62
50,2016-01-22-70,-52.54
51,2016-01-22-70,-1.34
52,2016-01-22-70,-54.62
53,2016-01-22-70,-10.41
54,2016-01-22-70,-13.26
55,2016-01-22-70,-85.46
56,2016-01-22-70,-51.93
57,2016-01-22-70,-27.36
58,2016-01-22-70,-76.2
59,2016-01-22-70,-12.78
60,2016-01-22-70,-26.2
61,2016-01-22-70,4.56
62,2016-01-22-70,-41.53
63,2016-01-22-70,6.09
64,2016-01-22-70,36.33
65,2016-01-22-70,-17.45
66,2016-01-22-70,17.13
1,2016-01-22-82,13.67
2,2016-01-22-82,-32.16
3,2016-01-22-82,-74.56
4,2016-01-22-82,-60.35
5,2016-01-22-82,-103.87
6,2016-01-22-82,-9.19
7,2016-01-22-82,-59.17
8,2016-01-22-82,39.93
9,2016-01-22-82,23.84
10,2016-01-22-82,-113.83
11,2016-01-22-82,-30.68
12,2016-01-22-82,23.67
13,2016-01-22-82,-33.56
14,2016-01-22-82,6.65
15,2016-01-22-82,10.06
16,2016-01-22-82,-86.74
17,2016-01-22-82,-73.17
18,2016-01-22-82,-63.93
19,2016-01-22-82,-100.85
20,2016-01-22-82,-42.53
21,2016-01-22-82,34.96
22,2016-01-22-82,-3.79
23,2016-01-22-82,49.79
24,2016-01-22-82,14.28
25,2016-01-22-82,-37.14
26,2016-01-22-82,-40.25
27,2016-01-22-82,38.04
28,2016-01-22-82,5.02
29,2016-01-22-82,-10.52
30,2016-01-22-82,-25.72
31,2016-01-22-82,-61.6
32,2016-01-22-82,-12.55
33,2016-01-22-82,-33.03
34,2016-01-22-82,-42.55
35,2016-01-22-82,-50.45
36,2016-01-22-82,36.89
37,2016-01-22-82,6.76
38,2016-01-22-82,7.44
39,2016-01-22-82,61.75
40,2016-01-22-82,-53.8
41,2016-01-22-82,-57.2
42,2016-01-22-82,-63.39
43,2016-01-22-82,46.0
44,2016-01-22-82,-62.26
45,2016-01-22-82,-52.77
46,2016-01-22-82,3.17
47,2016-01-22-82,-129.13
48,2016-01-22-82,-38.13
49,2016-01-22-82,-81.62
50,2016-01-22-82,-52.54
51,2016-01-22-82,-1.34
52,2016-01-22-82,-59.11
53,2016-01-22-82,-10.41
54,2016-01-22-82,-13.26
55,2016-01-22-82,-87.92
56,2016-01-22-82,-51.93
57,2016-01-22-82,-29.2
58,2016-01-22-82,-76.2
59,2016-01-22-82,-12.78
60,2016-01-22-82,-26.2
61,2016-01-22-82,4.56
62,2016-01-22-82,-30.85
63,2016-01-22-82,6.09
64,2016-01-22-82,36.33
65,2016-01-22-82,-17.45
66,2016-01-22-82,17.13
1,2016-01-22-94,13.67
2,2016-01-22-94,-32.16
3,2016-01-22-94,-68.54
4,2016-01-22-94,-52.19
5,2016-01-22-94,-90.02
6,2016-01-22-94,-9.19
7,2016-01-22-94,-59.17
8,2016-01-22-94,39.93
9,2016-01-22-94,23.84
10,2016-01-22-94,-99.25
11,2016-01-22-94,-30.68
12,2016-01-22-94,23.67
13,2016-01-22-94,-33.56
14,2016-01-22-94,6.65
15,2016-01-22-94,8.75
16,2016-01-22-94,-86.74
17,2016-01-22-94,-75.86
18,2016-01-22-94,-63.93
19,2016-01-22-94,-108.67
20,2016-01-22-94,-42.62
21,2016-01-22-94,40.83
22,2016-01-22-94,-3.79
23,2016-01-22-94,49.79
24,2016-01-22-94,14.28
25,2016-01-22-94,-37.14
26,2016-01-22-94,-55.03
27,2016-01-22-94,38.04
28,2016-01-22-94,5.02
29,2016-01-22-94,2.4
30,2016-01-22-94,-22.09
31,2016-01-22-94,-61.6
32,2016-01-22-94,-12.55
33,2016-01-22-94,-16.75
34,2016-01-22-94,-42.55
35,2016-01-22-94,-60.2
36,2016-01-22-94,36.04
37,2016-01-22-94,6.76
38,2016-01-22-94,7.44
39,2016-01-22-94,69.43
40,2016-01-22-94,-53.8
41,2016-01-22-94,-57.2
42,2016-01-22-94,-63.39
43,2016-01-22-94,46.0
44,2016-01-22-94,-62.26
45,2016-01-22-94,-44.41
46,2016-01-22-94,3.17
47,2016-01-22-94,-129.13
48,2016-01-22-94,-38.12
49,2016-01-22-94,-52.59
50,2016-01-22-94,-52.54
51,2016-01-22-94,-1.34
52,2016-01-22-94,-59.11
53,2016-01-22-94,-10.41
54,2016-01-22-94,-13.26
55,2016-01-22-94,-74.31
56,2016-01-22-94,-51.93
57,2016-01-22-94,-29.2
58,2016-01-22-94,-76.2
59,2016-01-22-94,-11.97
60,2016-01-22-94,-23.62
61,2016-01-22-94,4.56
62,2016-01-22-94,-24.79
63,2016-01-22-94,6.09
64,2016-01-22-94,36.33
65,2016-01-22-94,-17.45
66,2016-01-22-94,17.13
1,2016-01-22-106,13.67
2,2016-01-22-106,-32.16
3,2016-01-22-106,-71.73
4,2016-01-22-106,-60.35
5,2016-01-22-106,-103.87
6,2016-01-22-106,-9.19
7,2016-01-22-106,-59.17
8,2016-01-22-106,39.93
9,2016-01-22-106,23.84
10,2016-01-22-106,-113.83
11,2016-01-22-106,-30.68
12,2016-01-22-106,23.67
13,2016-01-22-106,-33.56
14,2016-01-22-106,6.65
15,2016-01-22-106,23.04
16,2016-01-22-106,-86.74
17,2016-01-22-106,-73.17
18,2016-01-22-106,-63.93
19,2016-01-22-106,-100.85
20,2016-01-22-106,-42.62
21,2016-01-22-106,34.96
22,2016-01-22-106,-3.79
23,2016-01-22-106,49.79
24,2016-01-22-106,14.28
25,2016-01-22-106,-37.14
26,2016-01-22-106,-58.06
27,2016-01-22-106,38.04
28,2016-01-22-106,5.02
29,2016-01-22-106,-10.52
30,2016-01-22-106,-25.72
31,2016-01-22-106,-61.6
32,2016-01-22-106,-12.55
33,2016-01-22-106,-33.03
34,2016-01-22-106,-42.55
35,2016-01-22-106,-51.04
36,2016-01-22-106,36.89
37,2016-01-22-106,6.76
38,2016-01-22-106,8.16
39,2016-01-22-106,61.75
40,2016-01-22-106,-53.8
41,2016-01-22-106,-57.6
42,2016-01-22-106,-63.39
43,2016-01-22-106,46.0
44,2016-01-22-106,-62.26
45,2016-01-22-106,-52.77
46,2016-01-22-106,3.17
47,2016-01-22-106,-129.13
48,2016-01-22-106,-38.13
49,2016-01-22-106,-81.62
50,2016-01-22-106,-52.54
51,2016-01-22-106,-1.34
52,2016-01-22-106,-59.11
53,2016-01-22-106,-10.41
54,2016-01-22-106,-13.26
55,2016-01-22-106,-97.68
56,2016-01-22-106,-51.93
57,2016-01-22-106,-29.2
58,2016-01-22-106,-76.2
59,2016-01-22-106,-11.53
60,2016-01-22-106,-26.2
61,2016-01-22-106,4.56
62,2016-01-22-106,-30.29
63,2016-01-22-106,6.09
64,2016-01-22-106,36.33
65,2016-01-22-106,-17.45
66,2016-01-22-106,17.13
1,2016-01-22-118,13.67
2,2016-01-22-118,-32.16
3,2016-01-22-118,-68.53
4,2016-01-22-118,-52.19
5,2016-01-22-118,-90.02
6,2016-01-22-118,-6.79
7,2016-01-22-118,-59.17
8,2016-01-22-118,39.93
9,2016-01-22-118,23.84
10,2016-01-22-118,-99.25
11,2016-01-22-118,-30.68
12,2016-01-22-118,23.67
13,2016-01-22-118,-33.56
14,2016-01-22-118,6.65
15,2016-01-22-118,27.89
16,2016-01-22-118,-86.74
17,2016-01-22-118,-75.86
18,2016-01-22-118,-63.93
19,2016-01-22-118,-108.67
20,2016-01-22-118,-42.62
21,2016-01-22-118,39.77
22,2016-01-22-118,-3.79
23,2016-01-22-118,49.79
24,2016-01-22-118,14.28
25,2016-01-22-118,-37.14
26,2016-01-22-118,-58.06
27,2016-01-22-118,38.04
28,2016-01-22-118,5.02
29,2016-01-22-118,2.14
30,2016-01-22-118,-34.19
31,2016-01-22-118,-61.6
32,2016-01-22-118,-12.55
33,2016-01-22-118,-17.66
34,2016-01-22-118,-42.55
35,2016-01-22-118,-60.2
36,2016-01-22-118,36.04
37,2016-01-22-118,6.76
38,2016-01-22-118,11.05
39,2016-01-22-118,61.76
40,2016-01-22-118,-53.8
41,2016-01-22-118,-68.61
42,2016-01-22-118,-63.39
43,2016-01-22-118,46.0
44,2016-01-22-118,-62.26
45,2016-01-22-118,-44.41
46,2016-01-22-118,3.17
47,2016-01-22-118,-129.13
48,2016-01-22-118,-28.77
49,2016-01-22-118,-50.1
50,2016-01-22-118,-52.54
51,2016-01-22-118,-1.34
52,2016-01-22-118,-59.11
53,2016-01-22-118,-10.41
54,2016-01-22-118,-13.26
55,2016-01-22-118,-66.99
56,2016-01-22-118,-62.06
57,2016-01-22-118,-29.2
58,2016-01-22-118,-76.2
59,2016-01-22-118,-16.28
60,2016-01-22-118,-23.62
61,2016-01-22-118,4.56
62,2016-01-22-118,-28.49
63,2016-01-22-118,6.09
64,2016-01-22-118,36.33
65,2016-01-22-118,-17.45
66,2016-01-22-118,17.13
1,2016-01-22-130,13.67
2,2016-01-22-130,-32.16
3,2016-01-22-130,-71.73
4,2016-01-22-130,-60.35
5,2016-01-22-130,-103.87
6,2016-01-22-130,-9.19
7,2016-01-22-130,-59.17
8,2016-01-22-130,39.93
9,2016-01-22-130,23.84
10,2016-01-22-130,-113.83
11,2016-01-22-130,-30.68
12,2016-01-22-130,23.67
13,2016-01-22-130,-33.56
14,2016-01-22-130,6.65
15,2016-01-22-130,28.87
16,2016-01-22-130,-86.74
17,2016-01-22-130,-73.17
18,2016-01-22-130,-63.93
19,2016-01-22-130,-100.85
20,2016-01-22-130,-42.62
21,2016-01-22-130,39.77
22,2016-01-22-130,-3.79
23,2016-01-22-130,49.79
24,2016-01-22-130,14.28
25,2016-01-22-130,-37.14
26,2016-01-22-130,-58.06
27,2016-01-22-130,38.04
28,2016-01-22-130,5.02
29,2016-01-22-130,-10.52
30,2016-01-22-130,-34.41
31,2016-01-22-130,-61.6
32,2016-01-22-130,-12.55
33,2016-01-22-130,-33.03
34,2016-01-22-130,-42.55
35,2016-01-22-130,-60.2
36,2016-01-22-130,36.89
37,2016-01-22-130,6.76
38,2016-01-22-130,17.18
39,2016-01-22-130,61.75
40,2016-01-22-130,-53.8
41,2016-01-22-130,-62.83
42,2016-01-22-130,-63.39
43,2016-01-22-130,46.0
44,2016-01-22-130,-62.26
45,2016-01-22-130,-52.77
46,2016-01-22-130,3.17
47,2016-01-22-130,-129.13
48,2016-01-22-130,-28.77
49,2016-01-22-130,-50.1
50,2016-01-22-130,-52.54
51,2016-01-22-130,-1.34
52,2016-01-22-130,-59.11
53,2016-01-22-130,-10.41
54,2016-01-22-130,-13.26
55,2016-01-22-130,-82.4
56,2016-01-22-130,-62.06
57,2016-01-22-130,-29.2
58,2016-01-22-130,-76.2
59,2016-01-22-130,-16.28
60,2016-01-22-130,-23.77
61,2016-01-22-130,4.56
62,2016-01-22-130,-49.5
63,2016-01-22-130,6.09
64,2016-01-22-130,36.33
65,2016-01-22-130,-17.45
66,2016-01-22-130,17.13
1,2016-01-22-142,13.67
2,2016-01-22-142,-32.16
3,2016-01-22-142,-60.07
4,2016-01-22-142,-60.35
5,2016-01-22-142,-103.87
6,2016-01-22-142,2.8
7,2016-01-22-142,-59.17
8,2016-01-22-142,39.93
9,2016-01-22-142,23.84
10,2016-01-22-142,-113.83
11,2016-01-22-142,-30.68
12,2016-01-22-142,23.67
13,2016-01-22-142,-33.56
14,2016-01-22-142,6.65
15,2016-01-22-142,28.87
16,2016-01-22-142,-86.74
17,2016-01-22-142,-73.17
18,2016-01-22-142,-63.93
19,2016-01-22-142,-100.85
20,2016-01-22-142,-42.62
21,2016-01-22-142,39.77
22,2016-01-22-142,-3.79
23,2016-01-22-142,49.79
24,2016-01-22-142,14.28
25,2016-01-22-142,-37.14
26,2016-01-22-142,-58.06
27,2016-01-22-142,38.04
28,2016-01-22-142,5.02
29,2016-01-22-142,-10.52
30,2016-01-22-142,-34.41
31,2016-01-22-142,-61.6
32,2016-01-22-142,-12.55
33,2016-01-22-142,-33.03
34,2016-01-22-142,-42.55
35,2016-01-22-142,-60.2
36,2016-01-22-142,36.89
37,2016-01-22-142,6.76
38,2016-01-22-142,17.18
39,2016-01-22-142,61.75
40,2016-01-22-142,-53.8
41,2016-01-22-142,-50.94
42,2016-01-22-142,-63.39
43,2016-01-22-142,46.0
44,2016-01-22-142,-62.26
45,2016-01-22-142,-64.11
46,2016-01-22-142,3.17
47,2016-01-22-142,-129.13
48,2016-01-22-142,-28.77
49,2016-01-22-142,-50.1
50,2016-01-22-142,-52.54
51,2016-01-22-142,-1.34
52,2016-01-22-142,-59.11
53,2016-01-22-142,-10.41
54,2016-01-22-142,-13.26
55,2016-01-22-142,-82.4
56,2016-01-22-142,-62.06
57,2016-01-22-142,-29.2
58,2016-01-22-142,-76.2
59,2016-01-22-142,-16.28
60,2016-01-22-142,-14.0
61,2016-01-22-142,4.56
62,2016-01-22-142,-80.1
63,2016-01-22-142,6.09
64,2016-01-22-142,36.33
65,2016-01-22-142,-17.45
66,2016-01-22-142,17.13
1,2016-01-24-58,7.82
2,2016-01-24-58,-36.55
3,2016-01-24-58,-74.56
4,2016-01-24-58,-60.35
5,2016-01-24-58,-103.87
6,2016-01-24-58,3.16
7,2016-01-24-58,-51.14
8,2016-01-24-58,17.75
9,2016-01-24-58,16.56
10,2016-01-24-58,-113.83
11,2016-01-24-58,-30.68
12,2016-01-24-58,23.67
13,2016-01-24-58,-33.56
14,2016-01-24-58,6.18
15,2016-01-24-58,10.14
16,2016-01-24-58,-86.74
17,2016-01-24-58,-75.86
18,2016-01-24-58,-52.69
19,2016-01-24-58,-100.85
20,2016-01-24-58,-44.95
21,2016-01-24-58,56.03
22,2016-01-24-58,-3.79
23,2016-01-24-58,49.79
24,2016-01-24-58,2.67
25,2016-01-24-58,-26.02
26,2016-01-24-58,-61.65
27,2016-01-24-58,38.04
28,2016-01-24-58,3.54
29,2016-01-24-58,-3.94
30,2016-01-24-58,-25.72
31,2016-01-24-58,-61.6
32,2016-01-24-58,-12.55
33,2016-01-24-58,-30.63
34,2016-01-24-58,-42.55
35,2016-01-24-58,-59.19
36,2016-01-24-58,38.77
37,2016-01-24-58,13.52
38,2016-01-24-58,17.17
39,2016-01-24-58,63.01
40,2016-01-24-58,-53.8
41,2016-01-24-58,-68.74
42,2016-01-24-58,-63.39
43,2016-01-24-58,46.0
44,2016-01-24-58,-59.59
45,2016-01-24-58,-39.17
46,2016-01-24-58,-6.84
47,2016-01-24-58,-129.13
48,2016-01-24-58,-24.68
49,2016-01-24-58,-81.62
50,2016-01-24-58,-37.42
51,2016-01-24-58,-15.68
52,2016-01-24-58,-54.94
53,2016-01-24-58,-10.41
54,2016-01-24-58,-13.26
55,2016-01-24-58,-98.89
56,2016-01-24-58,-51.93
57,2016-01-24-58,-31.48
58,2016-01-24-58,-76.2
59,2016-01-24-58,-15.47
60,2016-01-24-58,-26.2
61,2016-01-24-58,4.56
62,2016-01-24-58,-38.49
63,2016-01-24-58,6.09
64,2016-01-24-58,36.33
65,2016-01-24-58,-17.45
66,2016-01-24-58,17.13
1,2016-01-24-70,7.82
2,2016-01-24-70,-36.55
3,2016-01-24-70,-62.01
4,2016-01-24-70,-52.19
5,2016-01-24-70,-90.02
6,2016-01-24-70,3.16
7,2016-01-24-70,-51.14
8,2016-01-24-70,17.75
9,2016-01-24-70,11.47
10,2016-01-24-70,-95.44
11,2016-01-24-70,-30.68
12,2016-01-24-70,23.67
13,2016-01-24-70,-27.34
14,2016-01-24-70,1.17
15,2016-01-24-70,15.79
16,2016-01-24-70,-86.74
17,2016-01-24-70,-75.86
18,2016-01-24-70,-63.93
19,2016-01-24-70,-100.85
20,2016-01-24-70,-44.95
21,2016-01-24-70,56.03
22,2016-01-24-70,-18.91
23,2016-01-24-70,49.79
24,2016-01-24-70,2.67
25,2016-01-24-70,-26.02
26,2016-01-24-70,-61.65
27,2016-01-24-70,38.04
28,2016-01-24-70,3.54
29,2016-01-24-70,-3.94
30,2016-01-24-70,-22.09
31,2016-01-24-70,-61.6
32,2016-01-24-70,-12.55
33,2016-01-24-70,-16.75
34,2016-01-24-70,-42.55
35,2016-01-24-70,-59.19
36,2016-01-24-70,36.91
37,2016-01-24-70,13.52
38,2016-01-24-70,14.25
39,2016-01-24-70,63.01
40,2016-01-24-70,-53.8
41,2016-01-24-70,-68.74
42,2016-01-24-70,-63.39
43,2016-01-24-70,46.0
44,2016-01-24-70,-59.59
45,2016-01-24-70,-39.17
46,2016-01-24-70,-6.84
47,2016-01-24-70,-129.13
48,2016-01-24-70,-24.68
49,2016-01-24-70,-81.38
50,2016-01-24-70,-52.54
51,2016-01-24-70,-15.68
52,2016-01-24-70,-54.89
53,2016-01-24-70,-25.0
54,2016-01-24-70,-13.26
55,2016-01-24-70,-86.36
56,2016-01-24-70,-51.93
57,2016-01-24-70,-27.06
58,2016-01-24-70,-76.2
59,2016-01-24-70,-26.89
60,2016-01-24-70,-23.62
61,2016-01-24-70,4.56
62,2016-01-24-70,-38.88
63,2016-01-24-70,6.09
64,2016-01-24-70,36.33
65,2016-01-24-70,-17.45
66,2016-01-24-70,17.13
1,2016-01-24-82,7.82
2,2016-01-24-82,-36.55
3,2016-01-24-82,-68.54
4,2016-01-24-82,-52.19
5,2016-01-24-82,-90.02
6,2016-01-24-82,3.16
7,2016-01-24-82,-51.14
8,2016-01-24-82,17.75
9,2016-01-24-82,23.84
10,2016-01-24-82,-95.38
11,2016-01-24-82,-30.68
12,2016-01-24-82,23.67
13,2016-01-24-82,-27.26
14,2016-01-24-82,1.17
15,2016-01-24-82,15.06
16,2016-01-24-82,-86.74
17,2016-01-24-82,-75.86
18,2016-01-24-82,-63.93
19,2016-01-24-82,-100.85
20,2016-01-24-82,-44.95
21,2016-01-24-82,56.03
22,2016-01-24-82,-18.91
23,2016-01-24-82,49.79
24,2016-01-24-82,2.67
25,2016-01-24-82,-26.02
26,2016-01-24-82,-61.65
27,2016-01-24-82,38.04
28,2016-01-24-82,3.54
29,2016-01-24-82,-3.94
30,2016-01-24-82,-22.09
31,2016-01-24-82,-61.6
32,2016-01-24-82,-12.55
33,2016-01-24-82,-16.75
34,2016-01-24-82,-42.55
35,2016-01-24-82,-59.19
36,2016-01-24-82,36.91
37,2016-01-24-82,13.52
38,2016-01-24-82,14.28
39,2016-01-24-82,63.01
40,2016-01-24-82,-53.8
41,2016-01-24-82,-68.74
42,2016-01-24-82,-63.39
43,2016-01-24-82,46.0
44,2016-01-24-82,-59.59
45,2016-01-24-82,-39.17
46,2016-01-24-82,-6.84
47,2016-01-24-82,-129.13
48,2016-01-24-82,-24.68
49,2016-01-24-82,-50.1
50,2016-01-24-82,-52.54
51,2016-01-24-82,-15.68
52,2016-01-24-82,-59.11
53,2016-01-24-82,-25.0
54,2016-01-24-82,-13.26
55,2016-01-24-82,-79.68
56,2016-01-24-82,-51.93
57,2016-01-24-82,-27.06
58,2016-01-24-82,-76.2
59,2016-01-24-82,-26.62
60,2016-01-24-82,-23.62
61,2016-01-24-82,4.56
62,2016-01-24-82,-38.88
63,2016-01-24-82,6.09
64,2016-01-24-82,36.33
65,2016-01-24-82,-17.45
66,2016-01-24-82,17.13
1,2016-01-24-94,7.82
2,2016-01-24-94,-36.55
3,2016-01-24-94,-68.54
4,2016-01-24-94,-52.19
5,2016-01-24-94,-103.87
6,2016-01-24-94,3.16
7,2016-01-24-94,-51.14
8,2016-01-24-94,17.75
9,2016-01-24-94,23.84
10,2016-01-24-94,-99.25
11,2016-01-24-94,-30.68
12,2016-01-24-94,23.67
13,2016-01-24-94,-27.26
14,2016-01-24-94,1.17
15,2016-01-24-94,19.37
16,2016-01-24-94,-86.74
17,2016-01-24-94,-75.86
18,2016-01-24-94,-63.93
19,2016-01-24-94,-100.85
20,2016-01-24-94,-44.95
21,2016-01-24-94,56.03
22,2016-01-24-94,-18.91
23,2016-01-24-94,49.79
24,2016-01-24-94,2.67
25,2016-01-24-94,-37.09
26,2016-01-24-94,-61.65
27,2016-01-24-94,38.04
28,2016-01-24-94,3.54
29,2016-01-24-94,-3.94
30,2016-01-24-94,-46.05
31,2016-01-24-94,-61.6
32,2016-01-24-94,-12.55
33,2016-01-24-94,-16.75
34,2016-01-24-94,-42.55
35,2016-01-24-94,-59.19
36,2016-01-24-94,36.91
37,2016-01-24-94,13.52
38,2016-01-24-94,17.18
39,2016-01-24-94,63.01
40,2016-01-24-94,-53.8
41,2016-01-24-94,-68.74
42,2016-01-24-94,-63.39
43,2016-01-24-94,46.0
44,2016-01-24-94,-59.59
45,2016-01-24-94,-39.17
46,2016-01-24-94,-6.84
47,2016-01-24-94,-129.13
48,2016-01-24-94,-24.68
49,2016-01-24-94,-50.1
50,2016-01-24-94,-52.54
51,2016-01-24-94,-15.68
52,2016-01-24-94,-59.11
53,2016-01-24-94,-25.0
54,2016-01-24-94,-13.26
55,2016-01-24-94,-79.7
56,2016-01-24-94,-51.93
57,2016-01-24-94,-31.48
58,2016-01-24-94,-76.2
59,2016-01-24-94,-15.46
60,2016-01-24-94,-23.62
61,2016-01-24-94,4.56
62,2016-01-24-94,-54.86
63,2016-01-24-94,6.09
64,2016-01-24-94,36.33
65,2016-01-24-94,-17.45
66,2016-01-24-94,17.13
1,2016-01-24-106,7.82
2,2016-01-24-106,-36.55
3,2016-01-24-106,-68.53
4,2016-01-24-106,-52.19
5,2016-01-24-106,-103.87
6,2016-01-24-106,3.16
7,2016-01-24-106,-51.14
8,2016-01-24-106,17.75
9,2016-01-24-106,23.84
10,2016-01-24-106,-99.25
11,2016-01-24-106,-30.68
12,2016-01-24-106,23.67
13,2016-01-24-106,-27.26
14,2016-01-24-106,1.17
15,2016-01-24-106,21.44
16,2016-01-24-106,-86.74
17,2016-01-24-106,-75.86
18,2016-01-24-106,-63.93
19,2016-01-24-106,-100.85
20,2016-01-24-106,-44.95
21,2016-01-24-106,56.03
22,2016-01-24-106,-18.91
23,2016-01-24-106,49.79
24,2016-01-24-106,2.67
25,2016-01-24-106,-37.14
26,2016-01-24-106,-61.65
27,2016-01-24-106,38.04
28,2016-01-24-106,3.54
29,2016-01-24-106,-3.94
30,2016-01-24-106,-46.06
31,2016-01-24-106,-61.6
32,2016-01-24-106,-12.55
33,2016-01-24-106,-16.79
34,2016-01-24-106,-42.55
35,2016-01-24-106,-59.19
36,2016-01-24-106,36.91
37,2016-01-24-106,13.52
38,2016-01-24-106,17.18
39,2016-01-24-106,63.01
40,2016-01-24-106,-53.8
41,2016-01-24-106,-68.74
42,2016-01-24-106,-63.39
43,2016-01-24-106,46.0
44,2016-01-24-106,-59.59
45,2016-01-24-106,-53.39
46,2016-01-24-106,-6.84
47,2016-01-24-106,-129.13
48,2016-01-24-106,-24.68
49,2016-01-24-106,-50.1
50,2016-01-24-106,-52.54
51,2016-01-24-106,-15.68
52,2016-01-24-106,-59.11
53,2016-01-24-106,-25.0
54,2016-01-24-106,-13.26
55,2016-01-24-106,-88.54
56,2016-01-24-106,-62.01
57,2016-01-24-106,-31.48
58,2016-01-24-106,-76.2
59,2016-01-24-106,-5.69
60,2016-01-24-106,-23.62
61,2016-01-24-106,4.56
62,2016-01-24-106,-41.79
63,2016-01-24-106,6.09
64,2016-01-24-106,36.33
65,2016-01-24-106,-17.45
66,2016-01-24-106,17.13
1,2016-01-24-118,7.82
2,2016-01-24-118,-36.55
3,2016-01-24-118,-68.52
4,2016-01-24-118,-52.19
5,2016-01-24-118,-103.87
6,2016-01-24-118,3.16
7,2016-01-24-118,-51.14
8,2016-01-24-118,17.75
9,2016-01-24-118,23.84
10,2016-01-24-118,-99.25
11,2016-01-24-118,-30.68
12,2016-01-24-118,23.67
13,2016-01-24-118,-27.26
14,2016-01-24-118,1.17
15,2016-01-24-118,17.77
16,2016-01-24-118,-86.74
17,2016-01-24-118,-75.86
18,2016-01-24-118,-63.93
19,2016-01-24-118,-100.85
20,2016-01-24-118,-44.95
21,2016-01-24-118,56.03
22,2016-01-24-118,-18.91
23,2016-01-24-118,49.79
24,2016-01-24-118,2.67
25,2016-01-24-118,-37.14
26,2016-01-24-118,-61.65
27,2016-01-24-118,38.04
28,2016-01-24-118,3.54
29,2016-01-24-118,-3.94
30,2016-01-24-118,-46.06
31,2016-01-24-118,-61.6
32,2016-01-24-118,-12.55
33,2016-01-24-118,-16.76
34,2016-01-24-118,-42.55
35,2016-01-24-118,-59.19
36,2016-01-24-118,36.91
37,2016-01-24-118,13.52
38,2016-01-24-118,17.18
39,2016-01-24-118,63.01
40,2016-01-24-118,-53.8
41,2016-01-24-118,-62.97
42,2016-01-24-118,-63.39
43,2016-01-24-118,46.0
44,2016-01-24-118,-59.59
45,2016-01-24-118,-53.39
46,2016-01-24-118,-6.84
47,2016-01-24-118,-129.13
48,2016-01-24-118,-24.68
49,2016-01-24-118,-50.1
50,2016-01-24-118,-52.54
51,2016-01-24-118,-15.68
52,2016-01-24-118,-59.11
53,2016-01-24-118,-25.0
54,2016-01-24-118,-13.26
55,2016-01-24-118,-88.43
56,2016-01-24-118,-62.06
57,2016-01-24-118,-31.48
58,2016-01-24-118,-76.2
59,2016-01-24-118,-6.09
60,2016-01-24-118,-23.62
61,2016-01-24-118,4.56
62,2016-01-24-118,-29.89
63,2016-01-24-118,6.09
64,2016-01-24-118,36.33
65,2016-01-24-118,-17.45
66,2016-01-24-118,17.13
1,2016-01-24-130,7.82
2,2016-01-24-130,-36.55
3,2016-01-24-130,-68.54
4,2016-01-24-130,-52.19
5,2016-01-24-130,-103.87
6,2016-01-24-130,0.29
7,2016-01-24-130,-51.14
8,2016-01-24-130,17.75
9,2016-01-24-130,23.84
10,2016-01-24-130,-99.25
11,2016-01-24-130,-30.68
12,2016-01-24-130,23.67
13,2016-01-24-130,-27.26
14,2016-01-24-130,1.17
15,2016-01-24-130,17.8
16,2016-01-24-130,-86.74
17,2016-01-24-130,-75.86
18,2016-01-24-130,-63.93
19,2016-01-24-130,-100.85
20,2016-01-24-130,-44.95
21,2016-01-24-130,56.03
22,2016-01-24-130,-18.91
23,2016-01-24-130,49.79
24,2016-01-24-130,2.67
25,2016-01-24-130,-37.14
26,2016-01-24-130,-61.65
27,2016-01-24-130,38.04
28,2016-01-24-130,3.54
29,2016-01-24-130,-3.94
30,2016-01-24-130,-46.06
31,2016-01-24-130,-61.6
32,2016-01-24-130,-12.55
33,2016-01-24-130,-16.75
34,2016-01-24-130,-42.55
35,2016-01-24-130,-59.19
36,2016-01-24-130,29.25
37,2016-01-24-130,13.52
38,2016-01-24-130,17.18
39,2016-01-24-130,63.01
40,2016-01-24-130,-53.8
41,2016-01-24-130,-40.94
42,2016-01-24-130,-63.39
43,2016-01-24-130,46.0
44,2016-01-24-130,-59.59
45,2016-01-24-130,-53.39
46,2016-01-24-130,-6.84
47,2016-01-24-130,-129.13
48,2016-01-24-130,-24.68
49,2016-01-24-130,-50.1
50,2016-01-24-130,-52.54
51,2016-01-24-130,-15.68
52,2016-01-24-130,-59.11
53,2016-01-24-130,-25.0
54,2016-01-24-130,-13.26
55,2016-01-24-130,-88.42
56,2016-01-24-130,-62.06
57,2016-01-24-130,-31.48
58,2016-01-24-130,-76.2
59,2016-01-24-130,-6.09
60,2016-01-24-130,-23.62
61,2016-01-24-130,4.56
62,2016-01-24-130,-48.16
63,2016-01-24-130,6.09
64,2016-01-24-130,36.33
65,2016-01-24-130,-17.45
66,2016-01-24-130,17.13
1,2016-01-24-142,7.82
2,2016-01-24-142,-36.55
3,2016-01-24-142,-69.05
4,2016-01-24-142,-38.84
5,2016-01-24-142,-103.87
6,2016-01-24-142,-2.38
7,2016-01-24-142,-51.14
8,2016-01-24-142,17.75
9,2016-01-24-142,23.84
10,2016-01-24-142,-113.83
11,2016-01-24-142,-30.68
12,2016-01-24-142,23.67
13,2016-01-24-142,-27.26
14,2016-01-24-142,6.18
15,2016-01-24-142,28.74
16,2016-01-24-142,-86.74
17,2016-01-24-142,-75.86
18,2016-01-24-142,-63.93
19,2016-01-24-142,-100.85
20,2016-01-24-142,-44.95
21,2016-01-24-142,56.03
22,2016-01-24-142,-18.91
23,2016-01-24-142,49.79
24,2016-01-24-142,2.67
25,2016-01-24-142,-37.14
26,2016-01-24-142,-61.65
27,2016-01-24-142,38.04
28,2016-01-24-142,3.54
29,2016-01-24-142,-3.94
30,2016-01-24-142,-34.41
31,2016-01-24-142,-61.6
32,2016-01-24-142,-12.55
33,2016-01-24-142,-30.63
34,2016-01-24-142,-25.29
35,2016-01-24-142,-59.19
36,2016-01-24-142,36.91
37,2016-01-24-142,13.52
38,2016-01-24-142,17.18
39,2016-01-24-142,63.01
40,2016-01-24-142,-53.8
41,2016-01-24-142,-40.94
42,2016-01-24-142,-63.39
43,2016-01-24-142,46.0
44,2016-01-24-142,-59.59
45,2016-01-24-142,-52.66
46,2016-01-24-142,-6.84
47,2016-01-24-142,-129.13
48,2016-01-24-142,-24.68
49,2016-01-24-142,-81.58
50,2016-01-24-142,-52.54
51,2016-01-24-142,-15.68
52,2016-01-24-142,-59.11
53,2016-01-24-142,-10.41
54,2016-01-24-142,-13.26
55,2016-01-24-142,-88.74
56,2016-01-24-142,-62.06
57,2016-01-24-142,-31.48
58,2016-01-24-142,-76.2
59,2016-01-24-142,-6.09
60,2016-01-24-142,-14.0
61,2016-01-24-142,4.56
62,2016-01-24-142,-51.62
63,2016-01-24-142,6.09
64,2016-01-24-142,36.33
65,2016-01-24-142,-17.45
66,2016-01-24-142,17.13
1,2016-01-26-46,7.82
2,2016-01-26-46,-32.16
3,2016-01-26-46,-62.01
4,2016-01-26-46,-52.19
5,2016-01-26-46,-103.87
6,2016-01-26-46,-9.19
7,2016-01-26-46,-46.47
8,2016-01-26-46,39.93
9,2016-01-26-46,11.47
10,2016-01-26-46,-124.83
11,2016-01-26-46,-30.68
12,2016-01-26-46,23.67
13,2016-01-26-46,-33.56
14,2016-01-26-46,6.65
15,2016-01-26-46,5.13
16,2016-01-26-46,-86.74
17,2016-01-26-46,-75.86
18,2016-01-26-46,-63.93
19,2016-01-26-46,-100.85
20,2016-01-26-46,-42.62
21,2016-01-26-46,56.03
22,2016-01-26-46,-3.79
23,2016-01-26-46,48.68
24,2016-01-26-46,14.28
25,2016-01-26-46,-26.02
26,2016-01-26-46,-43.96
27,2016-01-26-46,38.04
28,2016-01-26-46,5.26
29,2016-01-26-46,-3.94
30,2016-01-26-46,-23.83
31,2016-01-26-46,-61.6
32,2016-01-26-46,-12.55
33,2016-01-26-46,-12.59
34,2016-01-26-46,-42.55
35,2016-01-26-46,-50.45
36,2016-01-26-46,37.08
37,2016-01-26-46,13.52
38,2016-01-26-46,14.28
39,2016-01-26-46,71.01
40,2016-01-26-46,-53.8
41,2016-01-26-46,-57.2
42,2016-01-26-46,-63.39
43,2016-01-26-46,46.0
44,2016-01-26-46,-62.26
45,2016-01-26-46,-46.47
46,2016-01-26-46,-0.83
47,2016-01-26-46,-129.13
48,2016-01-26-46,-28.77
49,2016-01-26-46,-80.87
50,2016-01-26-46,-52.54
51,2016-01-26-46,-1.34
52,2016-01-26-46,-54.94
53,2016-01-26-46,-11.02
54,2016-01-26-46,-13.26
55,2016-01-26-46,-88.53
56,2016-01-26-46,-51.93
57,2016-01-26-46,-27.06
58,2016-01-26-46,-76.2
59,2016-01-26-46,-12.78
60,2016-01-26-46,-23.62
61,2016-01-26-46,4.56
62,2016-01-26-46,-45.26
63,2016-01-26-46,6.09
64,2016-01-26-46,36.33
65,2016-01-26-46,-17.45
66,2016-01-26-46,17.13
1,2016-01-26-58,7.82
2,2016-01-26-58,-32.16
3,2016-01-26-58,-74.56
4,2016-01-26-58,-60.35
5,2016-01-26-58,-103.87
6,2016-01-26-58,-9.19
7,2016-01-26-58,-46.47
8,2016-01-26-58,39.93
9,2016-01-26-58,23.7
10,2016-01-26-58,-113.83
11,2016-01-26-58,-30.68
12,2016-01-26-58,23.67
13,2016-01-26-58,-33.56
14,2016-01-26-58,6.65
15,2016-01-26-58,10.06
16,2016-01-26-58,-86.74
17,2016-01-26-58,-75.86
18,2016-01-26-58,-52.69
19,2016-01-26-58,-100.85
20,2016-01-26-58,-42.62
21,2016-01-26-58,56.03
22,2016-01-26-58,-3.79
23,2016-01-26-58,48.68
24,2016-01-26-58,14.28
25,2016-01-26-58,-26.02
26,2016-01-26-58,-43.96
27,2016-01-26-58,38.04
28,2016-01-26-58,5.26
29,2016-01-26-58,-8.94
30,2016-01-26-58,-25.72
31,2016-01-26-58,-61.6
32,2016-01-26-58,-12.55
33,2016-01-26-58,-30.63
34,2016-01-26-58,-42.55
35,2016-01-26-58,-50.45
36,2016-01-26-58,38.77
37,2016-01-26-58,13.52
38,2016-01-26-58,17.18
39,2016-01-26-58,71.01
40,2016-01-26-58,-53.8
41,2016-01-26-58,-57.2
42,2016-01-26-58,-63.39
43,2016-01-26-58,46.0
44,2016-01-26-58,-62.26
45,2016-01-26-58,-46.47
46,2016-01-26-58,-0.83
47,2016-01-26-58,-129.13
48,2016-01-26-58,-28.77
49,2016-01-26-58,-80.78
50,2016-01-26-58,-52.54
51,2016-01-26-58,-1.34
52,2016-01-26-58,-54.61
53,2016-01-26-58,-10.41
54,2016-01-26-58,-13.26
55,2016-01-26-58,-85.46
56,2016-01-26-58,-51.93
57,2016-01-26-58,-27.06
58,2016-01-26-58,-76.2
59,2016-01-26-58,-12.78
60,2016-01-26-58,-26.2
61,2016-01-26-58,4.56
62,2016-01-26-58,-73.88
63,2016-01-26-58,6.09
64,2016-01-26-58,36.33
65,2016-01-26-58,-17.45
66,2016-01-26-58,17.13
1,2016-01-26-70,7.82
2,2016-01-26-70,-32.16
3,2016-01-26-70,-62.01
4,2016-01-26-70,-52.19
5,2016-01-26-70,-103.87
6,2016-01-26-70,-9.19
7,2016-01-26-70,-46.47
8,2016-01-26-70,39.93
9,2016-01-26-70,11.85
10,2016-01-26-70,-95.38
11,2016-01-26-70,-30.68
12,2016-01-26-70,23.67
13,2016-01-26-70,-33.56
14,2016-01-26-70,6.65
15,2016-01-26-70,4.34
16,2016-01-26-70,-86.74
17,2016-01-26-70,-75.86
18,2016-01-26-70,-63.93
19,2016-01-26-70,-108.67
20,2016-01-26-70,-42.62
21,2016-01-26-70,56.03
22,2016-01-26-70,-3.79
23,2016-01-26-70,48.68
24,2016-01-26-70,14.28
25,2016-01-26-70,-26.02
26,2016-01-26-70,-43.96
27,2016-01-26-70,38.04
28,2016-01-26-70,5.26
29,2016-01-26-70,-3.94
30,2016-01-26-70,-22.09
31,2016-01-26-70,-61.6
32,2016-01-26-70,-12.55
33,2016-01-26-70,-16.75
34,2016-01-26-70,-42.55
35,2016-01-26-70,-50.45
36,2016-01-26-70,36.91
37,2016-01-26-70,13.52
38,2016-01-26-70,14.28
39,2016-01-26-70,71.01
40,2016-01-26-70,-53.8
41,2016-01-26-70,-57.21
42,2016-01-26-70,-63.39
43,2016-01-26-70,46.0
44,2016-01-26-70,-62.26
45,2016-01-26-70,-46.47
46,2016-01-26-70,-0.83
47,2016-01-26-70,-129.13
48,2016-01-26-70,-28.77
49,2016-01-26-70,-52.59
50,2016-01-26-70,-52.54
51,2016-01-26-70,-1.34
52,2016-01-26-70,-59.23
53,2016-01-26-70,-20.63
54,2016-01-26-70,-13.26
55,2016-01-26-70,-94.41
56,2016-01-26-70,-51.93
57,2016-01-26-70,-27.06
58,2016-01-26-70,-76.2
59,2016-01-26-70,-12.78
60,2016-01-26-70,-23.62
61,2016-01-26-70,4.56
62,2016-01-26-70,-48.47
63,2016-01-26-70,6.09
64,2016-01-26-70,36.33
65,2016-01-26-70,-17.45
66,2016-01-26-70,17.13
1,2016-01-26-82,7.82
2,2016-01-26-82,-32.16
3,2016-01-26-82,-68.54
4,2016-01-26-82,-52.19
5,2016-01-26-82,-103.87
6,2016-01-26-82,-9.19
7,2016-01-26-82,-46.47
8,2016-01-26-82,39.93
9,2016-01-26-82,23.84
10,2016-01-26-82,-99.25
11,2016-01-26-82,-30.68
12,2016-01-26-82,23.67
13,2016-01-26-82,-33.56
14,2016-01-26-82,6.65
15,2016-01-26-82,2.58
16,2016-01-26-82,-86.74
17,2016-01-26-82,-75.86
18,2016-01-26-82,-63.93
19,2016-01-26-82,-108.67
20,2016-01-26-82,-30.17
21,2016-01-26-82,56.03
22,2016-01-26-82,-3.79
23,2016-01-26-82,48.68
24,2016-01-26-82,14.28
25,2016-01-26-82,-26.02
26,2016-01-26-82,-43.96
27,2016-01-26-82,38.04
28,2016-01-26-82,5.26
29,2016-01-26-82,-3.94
30,2016-01-26-82,-22.09
31,2016-01-26-82,-61.6
32,2016-01-26-82,-12.55
33,2016-01-26-82,-16.75
34,2016-01-26-82,-42.55
35,2016-01-26-82,-50.45
36,2016-01-26-82,36.91
37,2016-01-26-82,13.52
38,2016-01-26-82,14.28
39,2016-01-26-82,71.01
40,2016-01-26-82,-53.8
41,2016-01-26-82,-68.64
42,2016-01-26-82,-63.39
43,2016-01-26-82,46.0
44,2016-01-26-82,-62.26
45,2016-01-26-82,-46.47
46,2016-01-26-82,-0.83
47,2016-01-26-82,-129.13
48,2016-01-26-82,-28.77
49,2016-01-26-82,-52.59
50,2016-01-26-82,-52.54
51,2016-01-26-82,-1.34
52,2016-01-26-82,-59.11
53,2016-01-26-82,-20.63
54,2016-01-26-82,-13.26
55,2016-01-26-82,-83.75
56,2016-01-26-82,-51.93
57,2016-01-26-82,-27.06
58,2016-01-26-82,-76.2
59,2016-01-26-82,-12.78
60,2016-01-26-82,-23.62
61,2016-01-26-82,4.56
62,2016-01-26-82,-48.16
63,2016-01-26-82,6.09
64,2016-01-26-82,36.33
65,2016-01-26-82,-17.45
66,2016-01-26-82,17.13
1,2016-01-26-94,7.82
2,2016-01-26-94,-32.16
3,2016-01-26-94,-68.54
4,2016-01-26-94,-52.19
5,2016-01-26-94,-103.87
6,2016-01-26-94,-9.19
7,2016-01-26-94,-46.47
8,2016-01-26-94,39.93
9,2016-01-26-94,23.84
10,2016-01-26-94,-99.25
11,2016-01-26-94,-30.68
12,2016-01-26-94,23.67
13,2016-01-26-94,-33.56
14,2016-01-26-94,6.65
15,2016-01-26-94,19.34
16,2016-01-26-94,-86.74
17,2016-01-26-94,-75.86
18,2016-01-26-94,-63.93
19,2016-01-26-94,-108.67
20,2016-01-26-94,-30.17
21,2016-01-26-94,56.03
22,2016-01-26-94,-3.79
23,2016-01-26-94,48.68
24,2016-01-26-94,14.28
25,2016-01-26-94,-26.02
26,2016-01-26-94,-43.96
27,2016-01-26-94,38.04
28,2016-01-26-94,5.26
29,2016-01-26-94,-3.94
30,2016-01-26-94,-24.79
31,2016-01-26-94,-61.6
32,2016-01-26-94,-12.55
33,2016-01-26-94,-17.28
34,2016-01-26-94,-42.55
35,2016-01-26-94,-50.46
36,2016-01-26-94,36.91
37,2016-01-26-94,13.52
38,2016-01-26-94,14.28
39,2016-01-26-94,71.01
40,2016-01-26-94,-53.8
41,2016-01-26-94,-68.74
42,2016-01-26-94,-63.39
43,2016-01-26-94,46.0
44,2016-01-26-94,-62.26
45,2016-01-26-94,-32.3
46,2016-01-26-94,-0.83
47,2016-01-26-94,-129.13
48,2016-01-26-94,-28.77
49,2016-01-26-94,-52.59
50,2016-01-26-94,-52.54
51,2016-01-26-94,-1.34
52,2016-01-26-94,-59.11
53,2016-01-26-94,-10.46
54,2016-01-26-94,-13.26
55,2016-01-26-94,-70.72
56,2016-01-26-94,-51.93
57,2016-01-26-94,-28.12
58,2016-01-26-94,-76.2
59,2016-01-26-94,-11.49
60,2016-01-26-94,-23.62
61,2016-01-26-94,4.56
62,2016-01-26-94,-42.53
63,2016-01-26-94,6.09
64,2016-01-26-94,36.33
65,2016-01-26-94,-17.45
66,2016-01-26-94,17.13
1,2016-01-26-106,7.82
2,2016-01-26-106,-32.16
3,2016-01-26-106,-68.54
4,2016-01-26-106,-52.19
5,2016-01-26-106,-103.87
6,2016-01-26-106,-9.19
7,2016-01-26-106,-46.47
8,2016-01-26-106,39.93
9,2016-01-26-106,23.84
10,2016-01-26-106,-99.25
11,2016-01-26-106,-30.68
12,2016-01-26-106,23.67
13,2016-01-26-106,-33.56
14,2016-01-26-106,6.65
15,2016-01-26-106,20.75
16,2016-01-26-106,-86.74
17,2016-01-26-106,-75.86
18,2016-01-26-106,-63.93
19,2016-01-26-106,-108.67
20,2016-01-26-106,-30.17
21,2016-01-26-106,56.03
22,2016-01-26-106,-3.79
23,2016-01-26-106,48.68
24,2016-01-26-106,14.28
25,2016-01-26-106,-26.02
26,2016-01-26-106,-43.96
27,2016-01-26-106,38.04
28,2016-01-26-106,5.26
29,2016-01-26-106,-3.94
30,2016-01-26-106,-22.09
31,2016-01-26-106,-61.6
32,2016-01-26-106,-12.55
33,2016-01-26-106,-16.92
34,2016-01-26-106,-25.29
35,2016-01-26-106,-60.2
36,2016-01-26-106,36.91
37,2016-01-26-106,13.52
38,2016-01-26-106,14.28
39,2016-01-26-106,71.01
40,2016-01-26-106,-53.8
41,2016-01-26-106,-68.74
42,2016-01-26-106,-63.39
43,2016-01-26-106,46.0
44,2016-01-26-106,-62.26
45,2016-01-26-106,-44.41
46,2016-01-26-106,-0.83
47,2016-01-26-106,-129.13
48,2016-01-26-106,-28.77
49,2016-01-26-106,-52.55
50,2016-01-26-106,-52.54
51,2016-01-26-106,-1.34
52,2016-01-26-106,-59.11
53,2016-01-26-106,-10.41
54,2016-01-26-106,-13.26
55,2016-01-26-106,-66.99
56,2016-01-26-106,-51.96
57,2016-01-26-106,-29.2
58,2016-01-26-106,-76.2
59,2016-01-26-106,-16.28
60,2016-01-26-106,-23.62
61,2016-01-26-106,4.56
62,2016-01-26-106,-42.53
63,2016-01-26-106,6.09
64,2016-01-26-106,36.33
65,2016-01-26-106,-17.45
66,2016-01-26-106,17.13
1,2016-01-26-118,7.82
2,2016-01-26-118,-32.16
3,2016-01-26-118,-68.54
4,2016-01-26-118,-52.19
5,2016-01-26-118,-103.87
6,2016-01-26-118,-9.19
7,2016-01-26-118,-46.47
8,2016-01-26-118,39.93
9,2016-01-26-118,23.84
10,2016-01-26-118,-99.25
11,2016-01-26-118,-30.68
12,2016-01-26-118,23.67
13,2016-01-26-118,-27.26
14,2016-01-26-118,6.65
15,2016-01-26-118,14.77
16,2016-01-26-118,-86.74
17,2016-01-26-118,-75.86
18,2016-01-26-118,-63.93
19,2016-01-26-118,-108.67
20,2016-01-26-118,-30.17
21,2016-01-26-118,56.03
22,2016-01-26-118,-3.79
23,2016-01-26-118,48.68
24,2016-01-26-118,14.28
25,2016-01-26-118,-26.02
26,2016-01-26-118,-43.96
27,2016-01-26-118,38.04
28,2016-01-26-118,5.26
29,2016-01-26-118,-3.94
30,2016-01-26-118,-44.69
31,2016-01-26-118,-61.6
32,2016-01-26-118,-12.55
33,2016-01-26-118,-16.75
34,2016-01-26-118,-25.29
35,2016-01-26-118,-60.2
36,2016-01-26-118,36.91
37,2016-01-26-118,13.52
38,2016-01-26-118,14.28
39,2016-01-26-118,71.01
40,2016-01-26-118,-53.8
41,2016-01-26-118,-68.74
42,2016-01-26-118,-63.39
43,2016-01-26-118,46.0
44,2016-01-26-118,-62.26
45,2016-01-26-118,-44.41
46,2016-01-26-118,-0.83
47,2016-01-26-118,-129.13
48,2016-01-26-118,-28.77
49,2016-01-26-118,-50.1
50,2016-01-26-118,-52.54
51,2016-01-26-118,-1.34
52,2016-01-26-118,-59.08
53,2016-01-26-118,-20.81
54,2016-01-26-118,-13.26
55,2016-01-26-118,-66.98
56,2016-01-26-118,-62.06
57,2016-01-26-118,-29.2
58,2016-01-26-118,-76.2
59,2016-01-26-118,-16.28
60,2016-01-26-118,-23.62
61,2016-01-26-118,4.56
62,2016-01-26-118,-42.53
63,2016-01-26-118,6.09
64,2016-01-26-118,36.33
65,2016-01-26-118,-17.45
66,2016-01-26-118,17.13
1,2016-01-26-130,7.82
2,2016-01-26-130,-32.16
3,2016-01-26-130,-74.99
4,2016-01-26-130,-52.19
5,2016-01-26-130,-90.02
6,2016-01-26-130,-9.19
7,2016-01-26-130,-46.47
8,2016-01-26-130,39.93
9,2016-01-26-130,23.84
10,2016-01-26-130,-99.25
11,2016-01-26-130,-30.68
12,2016-01-26-130,23.67
13,2016-01-26-130,-27.26
14,2016-01-26-130,6.65
15,2016-01-26-130,15.06
16,2016-01-26-130,-86.74
17,2016-01-26-130,-75.86
18,2016-01-26-130,-63.93
19,2016-01-26-130,-108.67
20,2016-01-26-130,-30.17
21,2016-01-26-130,56.03
22,2016-01-26-130,-18.91
23,2016-01-26-130,48.68
24,2016-01-26-130,14.28
25,2016-01-26-130,-26.02
26,2016-01-26-130,-43.96
27,2016-01-26-130,38.04
28,2016-01-26-130,5.26
29,2016-01-26-130,-3.94
30,2016-01-26-130,-46.06
31,2016-01-26-130,-61.6
32,2016-01-26-130,-12.55
33,2016-01-26-130,-16.75
34,2016-01-26-130,-25.29
35,2016-01-26-130,-60.2
36,2016-01-26-130,36.91
37,2016-01-26-130,13.52
38,2016-01-26-130,14.28
39,2016-01-26-130,63.98
40,2016-01-26-130,-53.8
41,2016-01-26-130,-68.74
42,2016-01-26-130,-63.39
43,2016-01-26-130,46.0
44,2016-01-26-130,-62.26
45,2016-01-26-130,-44.41
46,2016-01-26-130,-0.83
47,2016-01-26-130,-129.13
48,2016-01-26-130,-28.77
49,2016-01-26-130,-47.17
50,2016-01-26-130,-52.54
51,2016-01-26-130,-1.34
52,2016-01-26-130,-62.57
53,2016-01-26-130,-20.63
54,2016-01-26-130,-13.26
55,2016-01-26-130,-79.82
56,2016-01-26-130,-62.06
57,2016-01-26-130,-29.2
58,2016-01-26-130,-76.2
59,2016-01-26-130,-16.28
60,2016-01-26-130,-23.62
61,2016-01-26-130,6.9
62,2016-01-26-130,-40.23
63,2016-01-26-130,6.09
64,2016-01-26-130,36.33
65,2016-01-26-130,-17.45
66,2016-01-26-130,17.13
1,2016-01-26-142,7.82
2,2016-01-26-142,-32.16
3,2016-01-26-142,-60.07
4,2016-01-26-142,-60.35
5,2016-01-26-142,-103.87
6,2016-01-26-142,-9.19
7,2016-01-26-142,-46.47
8,2016-01-26-142,39.93
9,2016-01-26-142,23.84
10,2016-01-26-142,-113.83
11,2016-01-26-142,-30.68
12,2016-01-26-142,23.67
13,2016-01-26-142,-33.56
14,2016-01-26-142,6.65
15,2016-01-26-142,37.42
16,2016-01-26-142,-86.74
17,2016-01-26-142,-73.13
18,2016-01-26-142,-63.93
19,2016-01-26-142,-108.67
20,2016-01-26-142,-30.17
21,2016-01-26-142,56.03
22,2016-01-26-142,-3.79
23,2016-01-26-142,48.68
24,2016-01-26-142,14.28
25,2016-01-26-142,-37.14
26,2016-01-26-142,-43.96
27,2016-01-26-142,38.04
28,2016-01-26-142,5.26
29,2016-01-26-142,-8.94
30,2016-01-26-142,-34.41
31,2016-01-26-142,-61.6
32,2016-01-26-142,-12.55
33,2016-01-26-142,-30.63
34,2016-01-26-142,-25.29
35,2016-01-26-142,-60.2
36,2016-01-26-142,31.64
37,2016-01-26-142,13.52
38,2016-01-26-142,17.18
39,2016-01-26-142,71.01
40,2016-01-26-142,-53.8
41,2016-01-26-142,-50.94
42,2016-01-26-142,-63.39
43,2016-01-26-142,46.0
44,2016-01-26-142,-66.68
45,2016-01-26-142,-32.3
46,2016-01-26-142,-0.83
47,2016-01-26-142,-129.13
48,2016-01-26-142,-28.77
49,2016-01-26-142,-50.1
50,2016-01-26-142,-52.54
51,2016-01-26-142,-1.34
52,2016-01-26-142,-59.11
53,2016-01-26-142,-10.41
54,2016-01-26-142,-13.26
55,2016-01-26-142,-83.05
56,2016-01-26-142,-62.06
57,2016-01-26-142,-20.27
58,2016-01-26-142,-76.2
59,2016-01-26-142,-16.28
60,2016-01-26-142,-14.0
61,2016-01-26-142,4.56
62,2016-01-26-142,-63.53
63,2016-01-26-142,6.09
64,2016-01-26-142,36.33
65,2016-01-26-142,-17.45
66,2016-01-26-142,17.13
1,2016-01-28-58,7.82
2,2016-01-28-58,-36.72
3,2016-01-28-58,-62.01
4,2016-01-28-58,-52.19
5,2016-01-28-58,-90.02
6,2016-01-28-58,3.16
7,2016-01-28-58,-39.3
8,2016-01-28-58,17.75
9,2016-01-28-58,11.47
10,2016-01-28-58,-91.16
11,2016-01-28-58,-30.68
12,2016-01-28-58,23.67
13,2016-01-28-58,-27.26
14,2016-01-28-58,8.45
15,2016-01-28-58,5.16
16,2016-01-28-58,-86.74
17,2016-01-28-58,-75.86
18,2016-01-28-58,-52.69
19,2016-01-28-58,-100.85
20,2016-01-28-58,-42.62
21,2016-01-28-58,56.03
22,2016-01-28-58,-3.79
23,2016-01-28-58,49.79
24,2016-01-28-58,2.67
25,2016-01-28-58,-26.02
26,2016-01-28-58,-43.96
27,2016-01-28-58,38.04
28,2016-01-28-58,3.46
29,2016-01-28-58,-3.87
30,2016-01-28-58,-22.09
31,2016-01-28-58,-61.6
32,2016-01-28-58,-12.55
33,2016-01-28-58,-16.75
34,2016-01-28-58,-42.55
35,2016-01-28-58,-50.45
36,2016-01-28-58,36.91
37,2016-01-28-58,13.52
38,2016-01-28-58,14.28
39,2016-01-28-58,61.75
40,2016-01-28-58,-53.8
41,2016-01-28-58,-63.2
42,2016-01-28-58,-63.39
43,2016-01-28-58,46.0
44,2016-01-28-58,-59.59
45,2016-01-28-58,-46.47
46,2016-01-28-58,-0.83
47,2016-01-28-58,-129.13
48,2016-01-28-58,-28.77
49,2016-01-28-58,-52.59
50,2016-01-28-58,-52.54
51,2016-01-28-58,-1.34
52,2016-01-28-58,-62.42
53,2016-01-28-58,-25.0
54,2016-01-28-58,-7.05
55,2016-01-28-58,-89.22
56,2016-01-28-58,-51.93
57,2016-01-28-58,-27.06
58,2016-01-28-58,-76.2
59,2016-01-28-58,-25.86
60,2016-01-28-58,-23.62
61,2016-01-28-58,4.56
62,2016-01-28-58,-49.47
63,2016-01-28-58,6.09
64,2016-01-28-58,36.33
65,2016-01-28-58,-17.45
66,2016-01-28-58,17.13
1,2016-01-28-70,7.82
2,2016-01-28-70,-32.16
3,2016-01-28-70,-62.01
4,2016-01-28-70,-52.19
5,2016-01-28-70,-90.02
6,2016-01-28-70,3.16
7,2016-01-28-70,-39.3
8,2016-01-28-70,17.75
9,2016-01-28-70,11.47
10,2016-01-28-70,-99.58
11,2016-01-28-70,-30.68
12,2016-01-28-70,23.67
13,2016-01-28-70,-27.26
14,2016-01-28-70,8.45
15,2016-01-28-70,5.16
16,2016-01-28-70,-86.74
17,2016-01-28-70,-75.86
18,2016-01-28-70,-52.69
19,2016-01-28-70,-100.85
20,2016-01-28-70,-42.62
21,2016-01-28-70,56.03
22,2016-01-28-70,-3.79
23,2016-01-28-70,49.79
24,2016-01-28-70,2.67
25,2016-01-28-70,-26.02
26,2016-01-28-70,-43.96
27,2016-01-28-70,38.04
28,2016-01-28-70,3.46
29,2016-01-28-70,-3.31
30,2016-01-28-70,-22.09
31,2016-01-28-70,-61.6
32,2016-01-28-70,-12.55
33,2016-01-28-70,-16.75
34,2016-01-28-70,-42.55
35,2016-01-28-70,-50.45
36,2016-01-28-70,36.91
37,2016-01-28-70,13.52
38,2016-01-28-70,14.28
39,2016-01-28-70,61.75
40,2016-01-28-70,-53.8
41,2016-01-28-70,-63.2
42,2016-01-28-70,-63.39
43,2016-01-28-70,46.0
44,2016-01-28-70,-59.59
45,2016-01-28-70,-46.47
46,2016-01-28-70,-0.83
47,2016-01-28-70,-129.13
48,2016-01-28-70,-28.77
49,2016-01-28-70,-50.1
50,2016-01-28-70,-52.54
51,2016-01-28-70,-1.34
52,2016-01-28-70,-62.58
53,2016-01-28-70,-20.63
54,2016-01-28-70,-13.26
55,2016-01-28-70,-81.43
56,2016-01-28-70,-51.93
57,2016-01-28-70,-27.06
58,2016-01-28-70,-76.2
59,2016-01-28-70,-25.84
60,2016-01-28-70,-23.62
61,2016-01-28-70,4.56
62,2016-01-28-70,-63.74
63,2016-01-28-70,6.09
64,2016-01-28-70,36.33
65,2016-01-28-70,-17.45
66,2016-01-28-70,17.13
1,2016-01-28-82,7.82
2,2016-01-28-82,-32.16
3,2016-01-28-82,-68.54
4,2016-01-28-82,-52.19
5,2016-01-28-82,-90.02
6,2016-01-28-82,3.16
7,2016-01-28-82,-39.3
8,2016-01-28-82,17.75
9,2016-01-28-82,11.47
10,2016-01-28-82,-99.54
11,2016-01-28-82,-30.68
12,2016-01-28-82,23.67
13,2016-01-28-82,-27.26
14,2016-01-28-82,8.45
15,2016-01-28-82,14.87
16,2016-01-28-82,-86.74
17,2016-01-28-82,-75.86
18,2016-01-28-82,-52.69
19,2016-01-28-82,-100.85
20,2016-01-28-82,-42.62
21,2016-01-28-82,56.03
22,2016-01-28-82,-3.79
23,2016-01-28-82,49.79
24,2016-01-28-82,2.67
25,2016-01-28-82,-26.02
26,2016-01-28-82,-43.96
27,2016-01-28-82,38.04
28,2016-01-28-82,3.46
29,2016-01-28-82,-3.32
30,2016-01-28-82,-22.09
31,2016-01-28-82,-61.6
32,2016-01-28-82,-12.55
33,2016-01-28-82,-16.75
34,2016-01-28-82,-27.52
35,2016-01-28-82,-50.45
36,2016-01-28-82,36.91
37,2016-01-28-82,13.52
38,2016-01-28-82,14.28
39,2016-01-28-82,61.75
40,2016-01-28-82,-53.8
41,2016-01-28-82,-63.2
42,2016-01-28-82,-63.39
43,2016-01-28-82,46.0
44,2016-01-28-82,-59.59
45,2016-01-28-82,-46.47
46,2016-01-28-82,-0.83
47,2016-01-28-82,-129.13
48,2016-01-28-82,-28.77
49,2016-01-28-82,-50.1
50,2016-01-28-82,-52.54
51,2016-01-28-82,-1.34
52,2016-01-28-82,-62.57
53,2016-01-28-82,-20.63
54,2016-01-28-82,-13.26
55,2016-01-28-82,-81.43
56,2016-01-28-82,-51.93
57,2016-01-28-82,-27.06
58,2016-01-28-82,-76.2
59,2016-01-28-82,-26.84
60,2016-01-28-82,-23.62
61,2016-01-28-82,4.56
62,2016-01-28-82,-59.29
63,2016-01-28-82,6.09
64,2016-01-28-82,36.33
65,2016-01-28-82,-17.45
66,2016-01-28-82,17.13
1,2016-01-28-94,7.82
2,2016-01-28-94,-32.16
3,2016-01-28-94,-68.54
4,2016-01-28-94,-52.19
5,2016-01-28-94,-90.02
6,2016-01-28-94,3.16
7,2016-01-28-94,-39.3
8,2016-01-28-94,17.75
9,2016-01-28-94,11.47
10,2016-01-28-94,-99.53
11,2016-01-28-94,-30.68
12,2016-01-28-94,23.67
13,2016-01-28-94,-27.26
14,2016-01-28-94,8.45
15,2016-01-28-94,20.32
16,2016-01-28-94,-86.74
17,2016-01-28-94,-75.86
18,2016-01-28-94,-52.69
19,2016-01-28-94,-100.85
20,2016-01-28-94,-42.62
21,2016-01-28-94,56.03
22,2016-01-28-94,-18.91
23,2016-01-28-94,49.79
24,2016-01-28-94,2.67
25,2016-01-28-94,-26.02
26,2016-01-28-94,-43.96
27,2016-01-28-94,38.04
28,2016-01-28-94,3.46
29,2016-01-28-94,-3.32
30,2016-01-28-94,-22.09
31,2016-01-28-94,-61.6
32,2016-01-28-94,-12.55
33,2016-01-28-94,-16.75
34,2016-01-28-94,-25.29
35,2016-01-28-94,-50.45
36,2016-01-28-94,36.91
37,2016-01-28-94,13.52
38,2016-01-28-94,14.28
39,2016-01-28-94,61.75
40,2016-01-28-94,-53.8
41,2016-01-28-94,-63.2
42,2016-01-28-94,-63.39
43,2016-01-28-94,46.0
44,2016-01-28-94,-59.59
45,2016-01-28-94,-42.44
46,2016-01-28-94,-0.83
47,2016-01-28-94,-129.13
48,2016-01-28-94,-28.77
49,2016-01-28-94,-47.17
50,2016-01-28-94,-52.54
51,2016-01-28-94,-1.34
52,2016-01-28-94,-62.57
53,2016-01-28-94,-20.63
54,2016-01-28-94,-13.26
55,2016-01-28-94,-74.31
56,2016-01-28-94,-51.93
57,2016-01-28-94,-27.06
58,2016-01-28-94,-76.2
59,2016-01-28-94,-16.88
60,2016-01-28-94,-23.62
61,2016-01-28-94,4.56
62,2016-01-28-94,-36.89
63,2016-01-28-94,6.09
64,2016-01-28-94,36.33
65,2016-01-28-94,-17.45
66,2016-01-28-94,17.13
1,2016-01-28-106,7.82
2,2016-01-28-106,-32.16
3,2016-01-28-106,-74.24
4,2016-01-28-106,-52.19
5,2016-01-28-106,-90.02
6,2016-01-28-106,3.16
7,2016-01-28-106,-39.3
8,2016-01-28-106,17.75
9,2016-01-28-106,11.47
10,2016-01-28-106,-84.44
11,2016-01-28-106,-30.68
12,2016-01-28-106,23.67
13,2016-01-28-106,-27.26
14,2016-01-28-106,8.45
15,2016-01-28-106,18.78
16,2016-01-28-106,-86.74
17,2016-01-28-106,-75.86
18,2016-01-28-106,-52.69
19,2016-01-28-106,-100.85
20,2016-01-28-106,-42.62
21,2016-01-28-106,56.03
22,2016-01-28-106,-18.91
23,2016-01-28-106,49.79
24,2016-01-28-106,2.67
25,2016-01-28-106,-26.02
26,2016-01-28-106,-43.96
27,2016-01-28-106,38.04
28,2016-01-28-106,3.46
29,2016-01-28-106,-3.32
30,2016-01-28-106,-22.09
31,2016-01-28-106,-61.6
32,2016-01-28-106,-12.55
33,2016-01-28-106,-16.75
34,2016-01-28-106,-25.29
35,2016-01-28-106,-50.45
36,2016-01-28-106,36.91
37,2016-01-28-106,13.52
38,2016-01-28-106,14.28
39,2016-01-28-106,61.75
40,2016-01-28-106,-53.8
41,2016-01-28-106,-63.2
42,2016-01-28-106,-63.39
43,2016-01-28-106,46.0
44,2016-01-28-106,-59.59
45,2016-01-28-106,-42.41
46,2016-01-28-106,-0.83
47,2016-01-28-106,-129.13
48,2016-01-28-106,-28.77
49,2016-01-28-106,-47.17
50,2016-01-28-106,-52.54
51,2016-01-28-106,-1.34
52,2016-01-28-106,-62.57
53,2016-01-28-106,-20.63
54,2016-01-28-106,-13.26
55,2016-01-28-106,-88.52
56,2016-01-28-106,-51.93
57,2016-01-28-106,-27.06
58,2016-01-28-106,-76.2
59,2016-01-28-106,-17.63
60,2016-01-28-106,-23.62
61,2016-01-28-106,6.9
62,2016-01-28-106,-33.08
63,2016-01-28-106,6.09
64,2016-01-28-106,36.33
65,2016-01-28-106,-17.45
66,2016-01-28-106,17.13
1,2016-01-28-118,7.82
2,2016-01-28-118,-32.16
3,2016-01-28-118,-74.99
4,2016-01-28-118,-52.19
5,2016-01-28-118,-90.02
6,2016-01-28-118,3.16
7,2016-01-28-118,-39.3
8,2016-01-28-118,17.75
9,2016-01-28-118,21.37
10,2016-01-28-118,-84.44
11,2016-01-28-118,-30.68
12,2016-01-28-118,23.67
13,2016-01-28-118,-27.26
14,2016-01-28-118,8.45
15,2016-01-28-118,18.78
16,2016-01-28-118,-86.74
17,2016-01-28-118,-75.86
18,2016-01-28-118,-52.69
19,2016-01-28-118,-100.85
20,2016-01-28-118,-42.62
21,2016-01-28-118,56.03
22,2016-01-28-118,-18.91
23,2016-01-28-118,49.79
24,2016-01-28-118,2.67
25,2016-01-28-118,-26.02
26,2016-01-28-118,-59.67
27,2016-01-28-118,38.04
28,2016-01-28-118,3.46
29,2016-01-28-118,-3.32
30,2016-01-28-118,-46.06
31,2016-01-28-118,-61.6
32,2016-01-28-118,-12.55
33,2016-01-28-118,-16.75
34,2016-01-28-118,-25.29
35,2016-01-28-118,-50.45
36,2016-01-28-118,36.91
37,2016-01-28-118,13.52
38,2016-01-28-118,14.28
39,2016-01-28-118,65.09
40,2016-01-28-118,-53.8
41,2016-01-28-118,-63.2
42,2016-01-28-118,-63.39
43,2016-01-28-118,46.0
44,2016-01-28-118,-59.59
45,2016-01-28-118,-44.41
46,2016-01-28-118,-0.83
47,2016-01-28-118,-129.13
48,2016-01-28-118,-28.77
49,2016-01-28-118,-47.59
50,2016-01-28-118,-52.54
51,2016-01-28-118,-1.34
52,2016-01-28-118,-62.57
53,2016-01-28-118,-20.63
54,2016-01-28-118,-13.26
55,2016-01-28-118,-88.52
56,2016-01-28-118,-59.94
57,2016-01-28-118,-27.06
58,2016-01-28-118,-76.2
59,2016-01-28-118,-19.46
60,2016-01-28-118,-23.62
61,2016-01-28-118,6.9
62,2016-01-28-118,-27.97
63,2016-01-28-118,6.09
64,2016-01-28-118,36.33
65,2016-01-28-118,-17.45
66,2016-01-28-118,17.13
1,2016-01-28-130,7.82
2,2016-01-28-130,-32.16
3,2016-01-28-130,-74.99
4,2016-01-28-130,-52.19
5,2016-01-28-130,-90.02
6,2016-01-28-130,3.16
7,2016-01-28-130,-39.3
8,2016-01-28-130,17.75
9,2016-01-28-130,23.84
10,2016-01-28-130,-71.08
11,2016-01-28-130,-30.68
12,2016-01-28-130,23.67
13,2016-01-28-130,-27.26
14,2016-01-28-130,8.45
15,2016-01-28-130,15.06
16,2016-01-28-130,-86.74
17,2016-01-28-130,-75.86
18,2016-01-28-130,-52.69
19,2016-01-28-130,-100.85
20,2016-01-28-130,-42.62
21,2016-01-28-130,56.03
22,2016-01-28-130,-18.91
23,2016-01-28-130,49.79
24,2016-01-28-130,2.67
25,2016-01-28-130,-37.14
26,2016-01-28-130,-60.17
27,2016-01-28-130,38.04
28,2016-01-28-130,3.46
29,2016-01-28-130,-1.48
30,2016-01-28-130,-46.06
31,2016-01-28-130,-61.6
32,2016-01-28-130,-12.55
33,2016-01-28-130,-16.75
34,2016-01-28-130,-25.29
35,2016-01-28-130,-59.99
36,2016-01-28-130,36.91
37,2016-01-28-130,13.52
38,2016-01-28-130,14.28
39,2016-01-28-130,61.75
40,2016-01-28-130,-53.8
41,2016-01-28-130,-64.06
42,2016-01-28-130,-63.39
43,2016-01-28-130,46.0
44,2016-01-28-130,-59.59
45,2016-01-28-130,-44.41
46,2016-01-28-130,-0.83
47,2016-01-28-130,-129.13
48,2016-01-28-130,-28.77
49,2016-01-28-130,-57.29
50,2016-01-28-130,-52.54
51,2016-01-28-130,-1.34
52,2016-01-28-130,-62.57
53,2016-01-28-130,-20.65
54,2016-01-28-130,-13.26
55,2016-01-28-130,-83.43
56,2016-01-28-130,-62.06
57,2016-01-28-130,-30.03
58,2016-01-28-130,-76.2
59,2016-01-28-130,-18.03
60,2016-01-28-130,-23.62
61,2016-01-28-130,6.9
62,2016-01-28-130,-27.96
63,2016-01-28-130,6.09
64,2016-01-28-130,36.33
65,2016-01-28-130,-17.45
66,2016-01-28-130,17.13
1,2016-01-28-142,7.82
2,2016-01-28-142,-32.16
3,2016-01-28-142,-60.07
4,2016-01-28-142,-60.35
5,2016-01-28-142,-103.87
6,2016-01-28-142,3.16
7,2016-01-28-142,-39.3
8,2016-01-28-142,17.75
9,2016-01-28-142,23.84
10,2016-01-28-142,-83.02
11,2016-01-28-142,-30.68
12,2016-01-28-142,23.67
13,2016-01-28-142,-27.26
14,2016-01-28-142,8.45
15,2016-01-28-142,37.43
16,2016-01-28-142,-86.74
17,2016-01-28-142,-75.86
18,2016-01-28-142,-52.69
19,2016-01-28-142,-100.85
20,2016-01-28-142,-30.17
21,2016-01-28-142,56.03
22,2016-01-28-142,-3.79
23,2016-01-28-142,49.79
24,2016-01-28-142,2.67
25,2016-01-28-142,-37.14
26,2016-01-28-142,-43.96
27,2016-01-28-142,38.04
28,2016-01-28-142,3.46
29,2016-01-28-142,-3.94
30,2016-01-28-142,-34.41
31,2016-01-28-142,-61.6
32,2016-01-28-142,-12.55
33,2016-01-28-142,-33.03
34,2016-01-28-142,-25.29
35,2016-01-28-142,-50.45
36,2016-01-28-142,30.69
37,2016-01-28-142,13.52
38,2016-01-28-142,4.01
39,2016-01-28-142,61.75
40,2016-01-28-142,-53.8
41,2016-01-28-142,-40.94
42,2016-01-28-142,-63.39
43,2016-01-28-142,46.0
44,2016-01-28-142,-59.59
45,2016-01-28-142,-32.3
46,2016-01-28-142,-0.83
47,2016-01-28-142,-129.13
48,2016-01-28-142,-28.77
49,2016-01-28-142,-75.15
50,2016-01-28-142,-52.54
51,2016-01-28-142,-1.34
52,2016-01-28-142,-59.11
53,2016-01-28-142,-10.41
54,2016-01-28-142,-13.26
55,2016-01-28-142,-83.05
56,2016-01-28-142,-62.06
57,2016-01-28-142,-20.28
58,2016-01-28-142,-76.2
59,2016-01-28-142,-6.09
60,2016-01-28-142,-16.35
61,2016-01-28-142,4.56
62,2016-01-28-142,-63.57
63,2016-01-28-142,6.09
64,2016-01-28-142,36.33
65,2016-01-28-142,-17.45
66,2016-01-28-142,17.13
1,2016-01-30-46,7.82
2,2016-01-30-46,-32.16
3,2016-01-30-46,-62.01
4,2016-01-30-46,-52.19
5,2016-01-30-46,-90.02
6,2016-01-30-46,3.16
7,2016-01-30-46,-42.92
8,2016-01-30-46,17.75
9,2016-01-30-46,11.47
10,2016-01-30-46,-99.83
11,2016-01-30-46,-30.68
12,2016-01-30-46,23.67
13,2016-01-30-46,-27.26
14,2016-01-30-46,3.79
15,2016-01-30-46,3.12
16,2016-01-30-46,-86.74
17,2016-01-30-46,-75.86
18,2016-01-30-46,-63.93
19,2016-01-30-46,-100.85
20,2016-01-30-46,-36.43
21,2016-01-30-46,56.03
22,2016-01-30-46,-3.79
23,2016-01-30-46,49.79
24,2016-01-30-46,2.67
25,2016-01-30-46,-26.02
26,2016-01-30-46,-61.65
27,2016-01-30-46,38.04
28,2016-01-30-46,3.54
29,2016-01-30-46,-3.94
30,2016-01-30-46,-22.09
31,2016-01-30-46,-61.6
32,2016-01-30-46,-12.55
33,2016-01-30-46,-16.75
34,2016-01-30-46,-42.55
35,2016-01-30-46,-59.19
36,2016-01-30-46,36.91
37,2016-01-30-46,13.52
38,2016-01-30-46,4.67
39,2016-01-30-46,61.75
40,2016-01-30-46,-53.8
41,2016-01-30-46,-63.2
42,2016-01-30-46,-63.39
43,2016-01-30-46,46.0
44,2016-01-30-46,-61.26
45,2016-01-30-46,-32.3
46,2016-01-30-46,-6.84
47,2016-01-30-46,-129.13
48,2016-01-30-46,-38.13
49,2016-01-30-46,-48.13
50,2016-01-30-46,-52.54
51,2016-01-30-46,-15.68
52,2016-01-30-46,-62.33
53,2016-01-30-46,-25.0
54,2016-01-30-46,-7.05
55,2016-01-30-46,-94.5
56,2016-01-30-46,-46.11
57,2016-01-30-46,-27.06
58,2016-01-30-46,-76.2
59,2016-01-30-46,-5.77
60,2016-01-30-46,-23.62
61,2016-01-30-46,6.9
62,2016-01-30-46,-38.85
63,2016-01-30-46,6.09
64,2016-01-30-46,36.33
65,2016-01-30-46,-17.45
66,2016-01-30-46,17.13
1,2016-01-30-58,7.82
2,2016-01-30-58,-32.16
3,2016-01-30-58,-62.01
4,2016-01-30-58,-52.19
5,2016-01-30-58,-90.02
6,2016-01-30-58,3.16
7,2016-01-30-58,-42.92
8,2016-01-30-58,17.75
9,2016-01-30-58,11.47
10,2016-01-30-58,-99.83
11,2016-01-30-58,-30.68
12,2016-01-30-58,23.67
13,2016-01-30-58,-27.26
14,2016-01-30-58,8.45
15,2016-01-30-58,5.18
16,2016-01-30-58,-86.74
17,2016-01-30-58,-75.86
18,2016-01-30-58,-63.93
19,2016-01-30-58,-100.85
20,2016-01-30-58,-36.43
21,2016-01-30-58,56.03
22,2016-01-30-58,-3.79
23,2016-01-30-58,49.79
24,2016-01-30-58,2.67
25,2016-01-30-58,-26.02
26,2016-01-30-58,-61.65
27,2016-01-30-58,38.04
28,2016-01-30-58,3.54
29,2016-01-30-58,-3.94
30,2016-01-30-58,-22.09
31,2016-01-30-58,-61.6
32,2016-01-30-58,-12.55
33,2016-01-30-58,-16.75
34,2016-01-30-58,-42.55
35,2016-01-30-58,-59.19
36,2016-01-30-58,36.91
37,2016-01-30-58,13.52
38,2016-01-30-58,14.15
39,2016-01-30-58,61.75
40,2016-01-30-58,-53.8
41,2016-01-30-58,-63.2
42,2016-01-30-58,-63.39
43,2016-01-30-58,46.0
44,2016-01-30-58,-61.26
45,2016-01-30-58,-32.3
46,2016-01-30-58,-6.84
47,2016-01-30-58,-129.13
48,2016-01-30-58,-38.13
49,2016-01-30-58,-48.11
50,2016-01-30-58,-52.54
51,2016-01-30-58,-15.68
52,2016-01-30-58,-62.33
53,2016-01-30-58,-25.0
54,2016-01-30-58,-7.05
55,2016-01-30-58,-94.5
56,2016-01-30-58,-46.11
57,2016-01-30-58,-27.06
58,2016-01-30-58,-76.2
59,2016-01-30-58,-5.77
60,2016-01-30-58,-23.62
61,2016-01-30-58,6.9
62,2016-01-30-58,-38.85
63,2016-01-30-58,6.09
64,2016-01-30-58,36.33
65,2016-01-30-58,-17.45
66,2016-01-30-58,17.13
1,2016-01-30-70,7.82
2,2016-01-30-70,-32.16
3,2016-01-30-70,-62.0
4,2016-01-30-70,-52.19
5,2016-01-30-70,-90.02
6,2016-01-30-70,3.16
7,2016-01-30-70,-42.92
8,2016-01-30-70,17.75
9,2016-01-30-70,11.47
10,2016-01-30-70,-95.38
11,2016-01-30-70,-30.68
12,2016-01-30-70,23.67
13,2016-01-30-70,-27.26
14,2016-01-30-70,8.45
15,2016-01-30-70,5.16
16,2016-01-30-70,-86.74
17,2016-01-30-70,-75.86
18,2016-01-30-70,-63.93
19,2016-01-30-70,-100.85
20,2016-01-30-70,-36.43
21,2016-01-30-70,56.03
22,2016-01-30-70,-3.79
23,2016-01-30-70,49.79
24,2016-01-30-70,2.67
25,2016-01-30-70,-26.02
26,2016-01-30-70,-61.65
27,2016-01-30-70,38.04
28,2016-01-30-70,3.54
29,2016-01-30-70,-3.94
30,2016-01-30-70,-22.09
31,2016-01-30-70,-61.6
32,2016-01-30-70,-12.55
33,2016-01-30-70,-16.75
34,2016-01-30-70,-42.55
35,2016-01-30-70,-59.19
36,2016-01-30-70,36.91
37,2016-01-30-70,13.52
38,2016-01-30-70,14.28
39,2016-01-30-70,61.75
40,2016-01-30-70,-53.8
41,2016-01-30-70,-63.2
42,2016-01-30-70,-63.39
43,2016-01-30-70,46.0
44,2016-01-30-70,-61.26
45,2016-01-30-70,-32.3
46,2016-01-30-70,-6.84
47,2016-01-30-70,-129.13
48,2016-01-30-70,-38.13
49,2016-01-30-70,-51.33
50,2016-01-30-70,-52.54
51,2016-01-30-70,-15.68
52,2016-01-30-70,-62.57
53,2016-01-30-70,-25.0
54,2016-01-30-70,-13.26
55,2016-01-30-70,-94.63
56,2016-01-30-70,-46.11
57,2016-01-30-70,-27.06
58,2016-01-30-70,-76.2
59,2016-01-30-70,-19.99
60,2016-01-30-70,-23.62
61,2016-01-30-70,4.56
62,2016-01-30-70,-38.93
63,2016-01-30-70,6.09
64,2016-01-30-70,36.33
65,2016-01-30-70,-17.45
66,2016-01-30-70,17.13
1,2016-01-30-82,7.82
2,2016-01-30-82,-32.13
3,2016-01-30-82,-68.54
4,2016-01-30-82,-52.19
5,2016-01-30-82,-90.02
6,2016-01-30-82,3.16
7,2016-01-30-82,-42.92
8,2016-01-30-82,17.75
9,2016-01-30-82,11.47
10,2016-01-30-82,-95.38
11,2016-01-30-82,-30.68
12,2016-01-30-82,23.67
13,2016-01-30-82,-27.26
14,2016-01-30-82,8.45
15,2016-01-30-82,14.87
16,2016-01-30-82,-86.74
17,2016-01-30-82,-75.86
18,2016-01-30-82,-63.93
19,2016-01-30-82,-100.85
20,2016-01-30-82,-36.43
21,2016-01-30-82,56.03
22,2016-01-30-82,-10.97
23,2016-01-30-82,49.79
24,2016-01-30-82,2.67
25,2016-01-30-82,-26.02
26,2016-01-30-82,-61.65
27,2016-01-30-82,38.04
28,2016-01-30-82,3.54
29,2016-01-30-82,-3.94
30,2016-01-30-82,-22.09
31,2016-01-30-82,-61.6
32,2016-01-30-82,-12.55
33,2016-01-30-82,-16.75
34,2016-01-30-82,-42.55
35,2016-01-30-82,-59.19
36,2016-01-30-82,36.91
37,2016-01-30-82,13.52
38,2016-01-30-82,14.28
39,2016-01-30-82,61.75
40,2016-01-30-82,-53.8
41,2016-01-30-82,-63.2
42,2016-01-30-82,-63.39
43,2016-01-30-82,46.0
44,2016-01-30-82,-61.27
45,2016-01-30-82,-44.41
46,2016-01-30-82,-6.84
47,2016-01-30-82,-129.13
48,2016-01-30-82,-38.13
49,2016-01-30-82,-46.26
50,2016-01-30-82,-52.54
51,2016-01-30-82,-15.68
52,2016-01-30-82,-62.57
53,2016-01-30-82,-25.0
54,2016-01-30-82,-13.26
55,2016-01-30-82,-73.89
56,2016-01-30-82,-46.11
57,2016-01-30-82,-27.06
58,2016-01-30-82,-76.2
59,2016-01-30-82,-24.18
60,2016-01-30-82,-23.62
61,2016-01-30-82,4.56
62,2016-01-30-82,-32.08
63,2016-01-30-82,6.09
64,2016-01-30-82,36.33
65,2016-01-30-82,-17.45
66,2016-01-30-82,17.13
1,2016-01-30-94,7.82
2,2016-01-30-94,-34.68
3,2016-01-30-94,-68.54
4,2016-01-30-94,-52.19
5,2016-01-30-94,-90.02
6,2016-01-30-94,3.16
7,2016-01-30-94,-51.14
8,2016-01-30-94,17.75
9,2016-01-30-94,11.47
10,2016-01-30-94,-99.25
11,2016-01-30-94,-30.68
12,2016-01-30-94,23.67
13,2016-01-30-94,-27.26
14,2016-01-30-94,8.45
15,2016-01-30-94,16.76
16,2016-01-30-94,-86.74
17,2016-01-30-94,-75.86
18,2016-01-30-94,-63.93
19,2016-01-30-94,-100.85
20,2016-01-30-94,-36.43
21,2016-01-30-94,56.03
22,2016-01-30-94,-18.91
23,2016-01-30-94,49.79
24,2016-01-30-94,2.67
25,2016-01-30-94,-26.02
26,2016-01-30-94,-61.65
27,2016-01-30-94,38.04
28,2016-01-30-94,3.54
29,2016-01-30-94,-3.94
30,2016-01-30-94,-25.1
31,2016-01-30-94,-61.6
32,2016-01-30-94,-12.55
33,2016-01-30-94,-16.75
34,2016-01-30-94,-42.55
35,2016-01-30-94,-59.19
36,2016-01-30-94,36.91
37,2016-01-30-94,13.52
38,2016-01-30-94,17.18
39,2016-01-30-94,61.75
40,2016-01-30-94,-53.8
41,2016-01-30-94,-63.2
42,2016-01-30-94,-63.39
43,2016-01-30-94,46.0
44,2016-01-30-94,-57.27
45,2016-01-30-94,-44.41
46,2016-01-30-94,-6.84
47,2016-01-30-94,-129.13
48,2016-01-30-94,-38.13
49,2016-01-30-94,-50.1
50,2016-01-30-94,-52.54
51,2016-01-30-94,-15.68
52,2016-01-30-94,-59.11
53,2016-01-30-94,-18.44
54,2016-01-30-94,-13.26
55,2016-01-30-94,-67.61
56,2016-01-30-94,-46.11
57,2016-01-30-94,-27.06
58,2016-01-30-94,-76.2
59,2016-01-30-94,-25.17
60,2016-01-30-94,-23.62
61,2016-01-30-94,4.56
62,2016-01-30-94,-34.09
63,2016-01-30-94,6.09
64,2016-01-30-94,36.33
65,2016-01-30-94,-17.45
66,2016-01-30-94,17.13
1,2016-01-30-106,7.82
2,2016-01-30-106,-34.68
3,2016-01-30-106,-68.54
4,2016-01-30-106,-52.19
5,2016-01-30-106,-90.02
6,2016-01-30-106,3.16
7,2016-01-30-106,-51.14
8,2016-01-30-106,17.75
9,2016-01-30-106,11.47
10,2016-01-30-106,-99.25
11,2016-01-30-106,-30.68
12,2016-01-30-106,23.67
13,2016-01-30-106,-27.26
14,2016-01-30-106,8.45
15,2016-01-30-106,17.95
16,2016-01-30-106,-86.74
17,2016-01-30-106,-75.86
18,2016-01-30-106,-63.93
19,2016-01-30-106,-100.85
20,2016-01-30-106,-36.43
21,2016-01-30-106,56.03
22,2016-01-30-106,-18.91
23,2016-01-30-106,49.79
24,2016-01-30-106,2.67
25,2016-01-30-106,-26.02
26,2016-01-30-106,-61.65
27,2016-01-30-106,38.04
28,2016-01-30-106,3.54
29,2016-01-30-106,-3.94
30,2016-01-30-106,-25.1
31,2016-01-30-106,-61.6
32,2016-01-30-106,-12.55
33,2016-01-30-106,-16.75
34,2016-01-30-106,-42.55
35,2016-01-30-106,-59.19
36,2016-01-30-106,36.91
37,2016-01-30-106,13.52
38,2016-01-30-106,17.18
39,2016-01-30-106,61.75
40,2016-01-30-106,-53.8
41,2016-01-30-106,-63.2
42,2016-01-30-106,-63.39
43,2016-01-30-106,46.0
44,2016-01-30-106,-57.27
45,2016-01-30-106,-44.41
46,2016-01-30-106,-6.84
47,2016-01-30-106,-129.13
48,2016-01-30-106,-38.13
49,2016-01-30-106,-50.1
50,2016-01-30-106,-52.54
51,2016-01-30-106,-15.68
52,2016-01-30-106,-59.11
53,2016-01-30-106,-18.44
54,2016-01-30-106,-13.26
55,2016-01-30-106,-67.61
56,2016-01-30-106,-64.79
57,2016-01-30-106,-27.06
58,2016-01-30-106,-76.2
59,2016-01-30-106,-7.18
60,2016-01-30-106,-23.62
61,2016-01-30-106,4.56
62,2016-01-30-106,-28.49
63,2016-01-30-106,6.09
64,2016-01-30-106,36.33
65,2016-01-30-106,-17.45
66,2016-01-30-106,17.13
1,2016-01-30-118,7.82
2,2016-01-30-118,-34.68
3,2016-01-30-118,-68.54
4,2016-01-30-118,-52.19
5,2016-01-30-118,-90.02
6,2016-01-30-118,3.16
7,2016-01-30-118,-51.14
8,2016-01-30-118,17.75
9,2016-01-30-118,23.84
10,2016-01-30-118,-99.25
11,2016-01-30-118,-30.68
12,2016-01-30-118,23.67
13,2016-01-30-118,-27.26
14,2016-01-30-118,8.45
15,2016-01-30-118,17.05
16,2016-01-30-118,-86.74
17,2016-01-30-118,-75.86
18,2016-01-30-118,-63.93
19,2016-01-30-118,-100.85
20,2016-01-30-118,-36.43
21,2016-01-30-118,56.03
22,2016-01-30-118,-18.91
23,2016-01-30-118,49.79
24,2016-01-30-118,2.67
25,2016-01-30-118,-26.02
26,2016-01-30-118,-61.65
27,2016-01-30-118,38.04
28,2016-01-30-118,3.54
29,2016-01-30-118,-3.94
30,2016-01-30-118,-25.1
31,2016-01-30-118,-61.6
32,2016-01-30-118,-12.55
33,2016-01-30-118,-16.75
34,2016-01-30-118,-42.55
35,2016-01-30-118,-59.19
36,2016-01-30-118,36.91
37,2016-01-30-118,13.52
38,2016-01-30-118,17.18
39,2016-01-30-118,61.75
40,2016-01-30-118,-53.8
41,2016-01-30-118,-63.2
42,2016-01-30-118,-63.39
43,2016-01-30-118,46.0
44,2016-01-30-118,-61.27
45,2016-01-30-118,-44.41
46,2016-01-30-118,-6.84
47,2016-01-30-118,-129.13
48,2016-01-30-118,-38.13
49,2016-01-30-118,-50.1
50,2016-01-30-118,-52.54
51,2016-01-30-118,-15.68
52,2016-01-30-118,-59.11
53,2016-01-30-118,-10.42
54,2016-01-30-118,-13.26
55,2016-01-30-118,-67.61
56,2016-01-30-118,-64.79
57,2016-01-30-118,-31.48
58,2016-01-30-118,-76.2
59,2016-01-30-118,-6.03
60,2016-01-30-118,-23.62
61,2016-01-30-118,4.56
62,2016-01-30-118,-28.49
63,2016-01-30-118,6.09
64,2016-01-30-118,36.33
65,2016-01-30-118,-17.45
66,2016-01-30-118,17.13
1,2016-01-30-130,7.82
2,2016-01-30-130,-34.68
3,2016-01-30-130,-74.67
4,2016-01-30-130,-52.19
5,2016-01-30-130,-90.02
6,2016-01-30-130,3.16
7,2016-01-30-130,-51.14
8,2016-01-30-130,17.75
9,2016-01-30-130,23.84
10,2016-01-30-130,-99.25
11,2016-01-30-130,-30.68
12,2016-01-30-130,23.67
13,2016-01-30-130,-27.26
14,2016-01-30-130,8.45
15,2016-01-30-130,15.02
16,2016-01-30-130,-86.74
17,2016-01-30-130,-75.86
18,2016-01-30-130,-63.93
19,2016-01-30-130,-100.85
20,2016-01-30-130,-36.43
21,2016-01-30-130,56.03
22,2016-01-30-130,-18.91
23,2016-01-30-130,49.79
24,2016-01-30-130,2.67
25,2016-01-30-130,-20.82
26,2016-01-30-130,-75.22
27,2016-01-30-130,38.04
28,2016-01-30-130,3.54
29,2016-01-30-130,-3.94
30,2016-01-30-130,-25.72
31,2016-01-30-130,-61.6
32,2016-01-30-130,-12.55
33,2016-01-30-130,-16.75
34,2016-01-30-130,-25.29
35,2016-01-30-130,-59.19
36,2016-01-30-130,36.91
37,2016-01-30-130,13.52
38,2016-01-30-130,17.18
39,2016-01-30-130,61.75
40,2016-01-30-130,-53.8
41,2016-01-30-130,-37.02
42,2016-01-30-130,-63.39
43,2016-01-30-130,46.0
44,2016-01-30-130,-61.27
45,2016-01-30-130,-44.41
46,2016-01-30-130,-6.84
47,2016-01-30-130,-129.13
48,2016-01-30-130,-38.13
49,2016-01-30-130,-50.56
50,2016-01-30-130,-52.54
51,2016-01-30-130,-15.68
52,2016-01-30-130,-60.15
53,2016-01-30-130,-18.44
54,2016-01-30-130,-13.26
55,2016-01-30-130,-67.61
56,2016-01-30-130,-64.79
57,2016-01-30-130,-31.48
58,2016-01-30-130,-76.2
59,2016-01-30-130,-19.85
60,2016-01-30-130,-23.62
61,2016-01-30-130,4.56
62,2016-01-30-130,-27.66
63,2016-01-30-130,6.09
64,2016-01-30-130,36.33
65,2016-01-30-130,-17.45
66,2016-01-30-130,17.13
1,2016-01-30-142,7.82
2,2016-01-30-142,-34.68
3,2016-01-30-142,-69.64
4,2016-01-30-142,-60.35
5,2016-01-30-142,-90.02
6,2016-01-30-142,16.56
7,2016-01-30-142,-51.14
8,2016-01-30-142,17.75
9,2016-01-30-142,23.84
10,2016-01-30-142,-99.25
11,2016-01-30-142,-30.68
12,2016-01-30-142,23.67
13,2016-01-30-142,-27.26
14,2016-01-30-142,8.45
15,2016-01-30-142,37.43
16,2016-01-30-142,-86.74
17,2016-01-30-142,-75.86
18,2016-01-30-142,-52.69
19,2016-01-30-142,-100.85
20,2016-01-30-142,-36.43
21,2016-01-30-142,56.03
22,2016-01-30-142,-3.91
23,2016-01-30-142,49.79
24,2016-01-30-142,2.67
25,2016-01-30-142,-37.14
26,2016-01-30-142,-75.5
27,2016-01-30-142,38.04
28,2016-01-30-142,3.54
29,2016-01-30-142,-3.94
30,2016-01-30-142,-34.41
31,2016-01-30-142,-61.6
32,2016-01-30-142,-12.55
33,2016-01-30-142,-30.63
34,2016-01-30-142,-25.29
35,2016-01-30-142,-59.19
36,2016-01-30-142,31.64
37,2016-01-30-142,13.52
38,2016-01-30-142,17.18
39,2016-01-30-142,61.75
40,2016-01-30-142,-53.8
41,2016-01-30-142,-40.94
42,2016-01-30-142,-63.39
43,2016-01-30-142,46.0
44,2016-01-30-142,-59.83
45,2016-01-30-142,-53.71
46,2016-01-30-142,-6.84
47,2016-01-30-142,-129.13
48,2016-01-30-142,-38.13
49,2016-01-30-142,-75.19
50,2016-01-30-142,-52.54
51,2016-01-30-142,-1.34
52,2016-01-30-142,-59.11
53,2016-01-30-142,-10.41
54,2016-01-30-142,-13.26
55,2016-01-30-142,-82.4
56,2016-01-30-142,-64.79
57,2016-01-30-142,-31.48
58,2016-01-30-142,-76.2
59,2016-01-30-142,-6.09
60,2016-01-30-142,-14.0
61,2016-01-30-142,4.56
62,2016-01-30-142,-60.82
63,2016-01-30-142,6.09
64,2016-01-30-142,36.33
65,2016-01-30-142,-17.45
66,2016-01-30-142,17.13
